2026-07-23 13:34:00,391 [INFO] Activator:176 - 


2026-07-23 13:34:00,391 [INFO] Activator:177 - !SESSION log4j initialized
2026-07-23 13:34:02,320 [INFO] LogOutputStream:77 - [STDOUT_REDIRECT] 
2026-07-23 13:34:03,510 [INFO] ApplicationProperties:184 - Using Application install path: C:\ST\STM32CubeIDE_1.19.0\STM32CubeIDE\plugins\com.st.stm32cube.common.mx_6.15.0.202507011659
2026-07-23 13:34:03,521 [INFO] DbMcusXml:78 - Set database path to: C:\ST\STM32CubeIDE_1.19.0\STM32CubeIDE\plugins\com.st.stm32cube.common.mx_6.15.0.202507011659\\db\/mcu/
2026-07-23 13:34:03,521 [INFO] ApiDb:274 - Set plugin database path to: C:\ST\STM32CubeIDE_1.19.0\STM32CubeIDE\plugins\com.st.stm32cube.common.mx_6.15.0.202507011659\\db\/plugins/boardmanager/
2026-07-23 13:34:03,522 [WARN] ApiDb:259 - Overriding images path with different value:  => C:\ST\STM32CubeIDE_1.19.0\STM32CubeIDE\plugins\com.st.stm32cube.common.mx_6.15.0.202507011659\\db\/plugins/mcufinder/images/
2026-07-23 13:34:03,526 [INFO] ApiDb:250 - Set database path to: C:\Users\danny\.stmcufinder\plugins\mcufinder//mcu/
2026-07-23 13:34:03,527 [INFO] DbMcusAds:125 - Set database path to: C:\Users\danny\.stmcufinder\plugins\mcufinder//mcu/
2026-07-23 13:34:03,528 [INFO] CrossReferenceDbSqlite:203 - Set database path to: C:\Users\danny\.stmcufinder\plugins\mcufinder//mcu/cs/
2026-07-23 13:34:03,594 [INFO] RulesReader:64 - Compatibility file has been processed (317 Rules)
2026-07-23 13:34:03,640 [INFO] DbMcusXml:78 - Set database path to: C:\ST\STM32CubeIDE_1.19.0\STM32CubeIDE\plugins\com.st.stm32cube.common.mx_6.15.0.202507011659\\db\/mcu/
2026-07-23 13:34:03,640 [INFO] ApiDb:274 - Set plugin database path to: C:\ST\STM32CubeIDE_1.19.0\STM32CubeIDE\plugins\com.st.stm32cube.common.mx_6.15.0.202507011659\\db\/plugins/boardmanager/
2026-07-23 13:34:03,640 [INFO] ApiDb:261 - Set plugin images path to: C:\ST\STM32CubeIDE_1.19.0\STM32CubeIDE\plugins\com.st.stm32cube.common.mx_6.15.0.202507011659\\db\/plugins/mcufinder/images/
2026-07-23 13:34:03,641 [WARN] DbFile:41 - Overriding database path with different value: C:\Users\danny\.stmcufinder\plugins\mcufinder/ => C:\Users\danny\.stmcufinder\plugins\mcufinder
2026-07-23 13:34:03,641 [INFO] ApiDb:250 - Set database path to: C:\Users\danny\.stmcufinder\plugins\mcufinder//mcu/
2026-07-23 13:34:03,641 [WARN] DbFile:41 - Overriding database path with different value: C:\Users\danny\.stmcufinder\plugins\mcufinder/ => C:\Users\danny\.stmcufinder\plugins\mcufinder
2026-07-23 13:34:03,641 [INFO] DbMcusAds:125 - Set database path to: C:\Users\danny\.stmcufinder\plugins\mcufinder//mcu/
2026-07-23 13:34:03,641 [WARN] DbFile:41 - Overriding database path with different value: C:\Users\danny\.stmcufinder\plugins\mcufinder/ => C:\Users\danny\.stmcufinder\plugins\mcufinder
2026-07-23 13:34:03,641 [WARN] DbFile:41 - Overriding database path with different value: C:\Users\danny\.stmcufinder\plugins\mcufinder/ => C:\Users\danny\.stmcufinder\plugins\mcufinder
2026-07-23 13:34:03,641 [INFO] CrossReferenceDbSqlite:203 - Set database path to: C:\Users\danny\.stmcufinder\plugins\mcufinder//mcu/cs/
2026-07-23 13:34:03,682 [INFO] MainPanel:274 - HeapMemory: 268435456
2026-07-23 13:34:03,731 [INFO] DbMcusXml:78 - Set database path to: C:\ST\STM32CubeIDE_1.19.0\STM32CubeIDE\plugins\com.st.stm32cube.common.mx_6.15.0.202507011659\\db\/mcu/
2026-07-23 13:34:03,731 [INFO] ApiDb:274 - Set plugin database path to: C:\ST\STM32CubeIDE_1.19.0\STM32CubeIDE\plugins\com.st.stm32cube.common.mx_6.15.0.202507011659\\db\/plugins/boardmanager/
2026-07-23 13:34:03,731 [INFO] ApiDb:261 - Set plugin images path to: C:\ST\STM32CubeIDE_1.19.0\STM32CubeIDE\plugins\com.st.stm32cube.common.mx_6.15.0.202507011659\\db\/plugins/mcufinder/images/
2026-07-23 13:34:03,731 [WARN] DbFile:41 - Overriding database path with different value: C:\Users\danny\.stmcufinder\plugins\mcufinder/ => C:\Users\danny\.stmcufinder\plugins\mcufinder
2026-07-23 13:34:03,731 [INFO] ApiDb:250 - Set database path to: C:\Users\danny\.stmcufinder\plugins\mcufinder//mcu/
2026-07-23 13:34:03,731 [WARN] DbFile:41 - Overriding database path with different value: C:\Users\danny\.stmcufinder\plugins\mcufinder/ => C:\Users\danny\.stmcufinder\plugins\mcufinder
2026-07-23 13:34:03,732 [INFO] DbMcusAds:125 - Set database path to: C:\Users\danny\.stmcufinder\plugins\mcufinder//mcu/
2026-07-23 13:34:03,732 [WARN] DbFile:41 - Overriding database path with different value: C:\Users\danny\.stmcufinder\plugins\mcufinder/ => C:\Users\danny\.stmcufinder\plugins\mcufinder
2026-07-23 13:34:03,732 [WARN] DbFile:41 - Overriding database path with different value: C:\Users\danny\.stmcufinder\plugins\mcufinder/ => C:\Users\danny\.stmcufinder\plugins\mcufinder
2026-07-23 13:34:03,732 [INFO] CrossReferenceDbSqlite:203 - Set database path to: C:\Users\danny\.stmcufinder\plugins\mcufinder//mcu/cs/
2026-07-23 13:34:03,743 [INFO] ApplicationProperties:184 - Using Application install path: C:\ST\STM32CubeIDE_1.19.0\STM32CubeIDE\plugins\com.st.stm32cube.common.mx_6.15.0.202507011659
2026-07-23 13:34:03,745 [INFO] PluginManage:196 - Search for loadable plugins [exclusion list=, ]
2026-07-23 13:34:03,745 [INFO] PluginManage:310 - Check plugin analytics
2026-07-23 13:34:03,857 [INFO] AnalyticsPlugin:253 - Accepted Software Licenses: 
2026-07-23 13:34:03,857 [INFO] AnalyticsPlugin:255 - Accepted CMSIS Pack Licenses: 
2026-07-23 13:34:03,857 [INFO] AnalyticsPlugin:257 - Accepted Firmware Licenses: 
2026-07-23 13:34:03,860 [INFO] PluginManage:359 - Loaded plugin analytics (category:tool,tabindex:-1)
2026-07-23 13:34:03,860 [INFO] PluginManage:310 - Check plugin cadmodel
2026-07-23 13:34:03,863 [INFO] CADModel:105 - Init CAD model plugin
2026-07-23 13:34:03,863 [INFO] PluginManage:359 - Loaded plugin cadmodel (category:power,tabindex:5)
2026-07-23 13:34:03,863 [INFO] PluginManage:310 - Check plugin clock
2026-07-23 13:34:03,868 [INFO] PluginManage:359 - Loaded plugin clock (category:base,tabindex:2)
2026-07-23 13:34:03,868 [INFO] PluginManage:310 - Check plugin ddr
2026-07-23 13:34:03,869 [INFO] PluginManage:359 - Loaded plugin ddr (category:tool,tabindex:6)
2026-07-23 13:34:03,869 [INFO] PluginManage:310 - Check plugin filemanager
2026-07-23 13:34:03,977 [INFO] PluginManage:359 - Loaded plugin filemanager (category:base,tabindex:10)
2026-07-23 13:34:03,977 [INFO] PluginManage:310 - Check plugin ipmanager
2026-07-23 13:34:03,982 [INFO] PluginManage:359 - Loaded plugin ipmanager (category:base,tabindex:5)
2026-07-23 13:34:03,982 [INFO] PluginManage:310 - Check plugin lpbam
2026-07-23 13:34:03,988 [INFO] PluginManage:359 - Loaded plugin lpbam (category:base,tabindex:0)
2026-07-23 13:34:03,988 [INFO] PluginManage:310 - Check plugin memorymap
2026-07-23 13:34:03,999 [INFO] PluginManage:359 - Loaded plugin memorymap (category:base,tabindex:4)
2026-07-23 13:34:03,999 [INFO] PluginManage:310 - Check plugin pinoutandconfiguration
2026-07-23 13:34:04,006 [INFO] PluginManage:359 - Loaded plugin pinoutandconfiguration (category:base,tabindex:1)
2026-07-23 13:34:04,006 [INFO] PluginManage:310 - Check plugin pinoutconfig
2026-07-23 13:34:04,059 [WARN] SupportedApi:132 - Cannot load RTOS API schema: s4s-elt-must-match.1: The content of 'definitions' must match (annotation?, (simpleType | complexType)?, (unique | key | keyref)*)). A problem was found starting at: attribute.
2026-07-23 13:34:04,144 [INFO] PluginManage:359 - Loaded plugin pinoutconfig (category:base,tabindex:0)
2026-07-23 13:34:04,144 [INFO] PluginManage:310 - Check plugin power
2026-07-23 13:34:04,149 [INFO] PluginManage:359 - Loaded plugin power (category:power,tabindex:4)
2026-07-23 13:34:04,149 [INFO] PluginManage:310 - Check plugin projectmanager
2026-07-23 13:34:04,159 [INFO] PluginManage:359 - Loaded plugin projectmanager (category:projectmanager,tabindex:4)
2026-07-23 13:34:04,159 [INFO] PluginManage:310 - Check plugin rif
2026-07-23 13:34:04,163 [INFO] PluginManage:359 - Loaded plugin rif (category:base,tabindex:3)
2026-07-23 13:34:04,163 [INFO] PluginManage:310 - Check plugin thirdparty
2026-07-23 13:34:04,240 [INFO] PluginManage:359 - Loaded plugin thirdparty (category:base,tabindex:-1)
2026-07-23 13:34:04,241 [INFO] PluginManage:310 - Check plugin tools
2026-07-23 13:34:04,240 [WARN] IntegrityCheckThread:84 - waiting for thirdparty lock release [integrity check]
2026-07-23 13:34:04,241 [INFO] IntegrityCheckThread:86 - entering critical section [integrity check]
2026-07-23 13:34:04,241 [INFO] ThirdPartyUpdaterWithRetryManager:70 - Updater plugin not ready yet. [1/15]
2026-07-23 13:34:04,242 [INFO] PluginManage:359 - Loaded plugin tools (category:base,tabindex:7)
2026-07-23 13:34:04,242 [INFO] PluginManage:310 - Check plugin tutovideos
2026-07-23 13:34:04,343 [INFO] PluginManage:359 - Loaded plugin tutovideos (category:base,tabindex:-1)
2026-07-23 13:34:04,343 [INFO] PluginManage:310 - Check plugin updater
2026-07-23 13:34:04,356 [INFO] PluginManage:359 - Loaded plugin updater (category:base,tabindex:12)
2026-07-23 13:34:04,356 [INFO] PluginManage:310 - Check plugin userauth
2026-07-23 13:34:04,358 [INFO] UserAuth:118 - Init User Auth plugin
2026-07-23 13:34:04,359 [INFO] PluginManage:359 - Loaded plugin userauth (category:base,tabindex:14)
2026-07-23 13:34:04,359 [INFO] PluginManage:283 - PluginManage : Loaded plugins [18]
2026-07-23 13:34:04,475 [INFO] PinOutPanel:1589 - setPackage(No Configuration,No Configuration)
2026-07-23 13:34:04,525 [INFO] CADModel:165 - CPN selected for project level
2026-07-23 13:34:04,525 [INFO] CADModel:114 - Register for checkConnection events
2026-07-23 13:34:04,534 [INFO] IPUIPlugin:80 - create IPUIPlugin
2026-07-23 13:34:04,534 [INFO] PluginManager:220 - loadIPPluginJar : add adc
2026-07-23 13:34:04,536 [INFO] IPUIPlugin:80 - create IPUIPlugin
2026-07-23 13:34:04,536 [INFO] PluginManager:220 - loadIPPluginJar : add aes
2026-07-23 13:34:04,537 [INFO] IPUIPlugin:80 - create IPUIPlugin
2026-07-23 13:34:04,537 [INFO] PluginManager:220 - loadIPPluginJar : add can
2026-07-23 13:34:04,538 [INFO] IPUIPlugin:80 - create IPUIPlugin
2026-07-23 13:34:04,538 [INFO] PluginManager:220 - loadIPPluginJar : add comp
2026-07-23 13:34:04,539 [INFO] IPUIPlugin:80 - create IPUIPlugin
2026-07-23 13:34:04,539 [INFO] PluginManager:220 - loadIPPluginJar : add cryp
2026-07-23 13:34:04,540 [INFO] IPUIPlugin:80 - create IPUIPlugin
2026-07-23 13:34:04,541 [INFO] PluginManager:220 - loadIPPluginJar : add ddr_ctrl_phy
2026-07-23 13:34:04,542 [INFO] IPUIPlugin:80 - create IPUIPlugin
2026-07-23 13:34:04,542 [INFO] PluginManager:220 - loadIPPluginJar : add dfsdm
2026-07-23 13:34:04,545 [INFO] IPUIPlugin:80 - create IPUIPlugin
2026-07-23 13:34:04,545 [INFO] PluginManager:220 - loadIPPluginJar : add dma
2026-07-23 13:34:04,547 [INFO] IPUIPlugin:80 - create IPUIPlugin
2026-07-23 13:34:04,547 [INFO] PluginManager:220 - loadIPPluginJar : add dma3
2026-07-23 13:34:04,548 [INFO] IPUIPlugin:80 - create IPUIPlugin
2026-07-23 13:34:04,548 [INFO] PluginManager:220 - loadIPPluginJar : add extmemmanager
2026-07-23 13:34:04,549 [INFO] IPUIPlugin:80 - create IPUIPlugin
2026-07-23 13:34:04,549 [INFO] PluginManager:220 - loadIPPluginJar : add fatfs
2026-07-23 13:34:04,552 [INFO] IPUIPlugin:80 - create IPUIPlugin
2026-07-23 13:34:04,552 [INFO] PluginManager:220 - loadIPPluginJar : add fmc
2026-07-23 13:34:04,555 [INFO] IPUIPlugin:80 - create IPUIPlugin
2026-07-23 13:34:04,555 [INFO] PluginManager:220 - loadIPPluginJar : add freertos
2026-07-23 13:34:04,555 [INFO] IPUIPlugin:80 - create IPUIPlugin
2026-07-23 13:34:04,555 [INFO] PluginManager:220 - loadIPPluginJar : add genericplugin
2026-07-23 13:34:04,557 [INFO] IPUIPlugin:80 - create IPUIPlugin
2026-07-23 13:34:04,557 [INFO] PluginManager:220 - loadIPPluginJar : add gfxmmu
2026-07-23 13:34:04,559 [INFO] IPUIPlugin:80 - create IPUIPlugin
2026-07-23 13:34:04,560 [INFO] PluginManager:220 - loadIPPluginJar : add gic
2026-07-23 13:34:04,562 [INFO] IPUIPlugin:80 - create IPUIPlugin
2026-07-23 13:34:04,562 [INFO] PluginManager:220 - loadIPPluginJar : add gpio
2026-07-23 13:34:04,564 [INFO] IPUIPlugin:80 - create IPUIPlugin
2026-07-23 13:34:04,564 [INFO] PluginManager:220 - loadIPPluginJar : add gtzc
2026-07-23 13:34:04,565 [INFO] IPUIPlugin:80 - create IPUIPlugin
2026-07-23 13:34:04,565 [INFO] PluginManager:220 - loadIPPluginJar : add hash
2026-07-23 13:34:04,567 [INFO] IPUIPlugin:80 - create IPUIPlugin
2026-07-23 13:34:04,567 [INFO] PluginManager:220 - loadIPPluginJar : add i2c
2026-07-23 13:34:04,568 [INFO] IPUIPlugin:80 - create IPUIPlugin
2026-07-23 13:34:04,568 [INFO] PluginManager:220 - loadIPPluginJar : add i2s
2026-07-23 13:34:04,569 [INFO] IPUIPlugin:80 - create IPUIPlugin
2026-07-23 13:34:04,569 [INFO] PluginManager:220 - loadIPPluginJar : add i3c
2026-07-23 13:34:04,571 [INFO] IPUIPlugin:80 - create IPUIPlugin
2026-07-23 13:34:04,571 [INFO] PluginManager:220 - loadIPPluginJar : add ipddr
2026-07-23 13:34:04,575 [INFO] IPUIPlugin:80 - create IPUIPlugin
2026-07-23 13:34:04,575 [INFO] PluginManager:220 - loadIPPluginJar : add linkedlist
2026-07-23 13:34:04,577 [INFO] IPUIPlugin:80 - create IPUIPlugin
2026-07-23 13:34:04,577 [INFO] PluginManager:220 - loadIPPluginJar : add lorawan
2026-07-23 13:34:04,577 [INFO] IPUIPlugin:80 - create IPUIPlugin
2026-07-23 13:34:04,578 [INFO] PluginManager:220 - loadIPPluginJar : add ltdc
2026-07-23 13:34:04,581 [INFO] IPUIPlugin:80 - create IPUIPlugin
2026-07-23 13:34:04,581 [INFO] PluginManager:220 - loadIPPluginJar : add mdma
2026-07-23 13:34:04,583 [INFO] IPUIPlugin:80 - create IPUIPlugin
2026-07-23 13:34:04,583 [INFO] PluginManager:220 - loadIPPluginJar : add nvic
2026-07-23 13:34:04,585 [INFO] IPUIPlugin:80 - create IPUIPlugin
2026-07-23 13:34:04,585 [INFO] PluginManager:220 - loadIPPluginJar : add opamp
2026-07-23 13:34:04,587 [INFO] IPUIPlugin:80 - create IPUIPlugin
2026-07-23 13:34:04,587 [INFO] PluginManager:220 - loadIPPluginJar : add openamp
2026-07-23 13:34:04,589 [INFO] IPUIPlugin:80 - create IPUIPlugin
2026-07-23 13:34:04,589 [INFO] PluginManager:220 - loadIPPluginJar : add pdm2pcm
2026-07-23 13:34:04,592 [INFO] IPUIPlugin:80 - create IPUIPlugin
2026-07-23 13:34:04,594 [INFO] PluginManager:220 - loadIPPluginJar : add plateformsettings
2026-07-23 13:34:04,595 [INFO] IPUIPlugin:80 - create IPUIPlugin
2026-07-23 13:34:04,595 [INFO] PluginManager:220 - loadIPPluginJar : add quadspi
2026-07-23 13:34:04,596 [INFO] IPUIPlugin:80 - create IPUIPlugin
2026-07-23 13:34:04,596 [INFO] PluginManager:220 - loadIPPluginJar : add radio
2026-07-23 13:34:04,598 [INFO] IPUIPlugin:80 - create IPUIPlugin
2026-07-23 13:34:04,598 [INFO] PluginManager:220 - loadIPPluginJar : add resmgrutility
2026-07-23 13:34:04,600 [INFO] IPUIPlugin:80 - create IPUIPlugin
2026-07-23 13:34:04,600 [INFO] PluginManager:220 - loadIPPluginJar : add sai
2026-07-23 13:34:04,601 [INFO] IPUIPlugin:80 - create IPUIPlugin
2026-07-23 13:34:04,601 [INFO] PluginManager:220 - loadIPPluginJar : add spi
2026-07-23 13:34:04,604 [INFO] IPUIPlugin:80 - create IPUIPlugin
2026-07-23 13:34:04,604 [INFO] PluginManager:220 - loadIPPluginJar : add stm32_wpan
2026-07-23 13:34:04,605 [INFO] IPUIPlugin:80 - create IPUIPlugin
2026-07-23 13:34:04,605 [INFO] PluginManager:220 - loadIPPluginJar : add tim
2026-07-23 13:34:04,607 [INFO] IPUIPlugin:80 - create IPUIPlugin
2026-07-23 13:34:04,608 [INFO] PluginManager:220 - loadIPPluginJar : add touchsensing
2026-07-23 13:34:04,609 [INFO] IPUIPlugin:80 - create IPUIPlugin
2026-07-23 13:34:04,609 [INFO] PluginManager:220 - loadIPPluginJar : add tracer_emb
2026-07-23 13:34:04,610 [INFO] IPUIPlugin:80 - create IPUIPlugin
2026-07-23 13:34:04,610 [INFO] PluginManager:220 - loadIPPluginJar : add ts
2026-07-23 13:34:04,610 [INFO] IPUIPlugin:80 - create IPUIPlugin
2026-07-23 13:34:04,611 [INFO] PluginManager:220 - loadIPPluginJar : add tsc
2026-07-23 13:34:04,611 [INFO] IPUIPlugin:80 - create IPUIPlugin
2026-07-23 13:34:04,612 [INFO] PluginManager:220 - loadIPPluginJar : add ucpd
2026-07-23 13:34:04,613 [INFO] IPUIPlugin:80 - create IPUIPlugin
2026-07-23 13:34:04,613 [INFO] PluginManager:220 - loadIPPluginJar : add usart
2026-07-23 13:34:04,615 [INFO] IPUIPlugin:80 - create IPUIPlugin
2026-07-23 13:34:04,615 [INFO] PluginManager:220 - loadIPPluginJar : add usbx
2026-07-23 13:34:04,716 [FATAL] Updater:351 - Updater called before beeing initialized
2026-07-23 13:34:04,734 [INFO] RulesReader:64 - Compatibility file has been processed (317 Rules)
2026-07-23 13:34:04,742 [INFO] RulesReader:64 - Compatibility file has been processed (317 Rules)
2026-07-23 13:34:04,749 [INFO] CADModel:165 - CPN selected for project level
2026-07-23 13:34:04,749 [INFO] CADModel:114 - Register for checkConnection events
2026-07-23 13:34:04,750 [FATAL] Updater:351 - Updater called before beeing initialized
2026-07-23 13:34:04,750 [ERROR] CADModel:125 - Updater not yet initialized, retry later 
2026-07-23 13:34:04,839 [FATAL] Updater:351 - Updater called before beeing initialized
2026-07-23 13:34:04,840 [INFO] CADModel:165 - CPN selected for project level
2026-07-23 13:34:04,840 [INFO] CADModel:114 - Register for checkConnection events
2026-07-23 13:34:04,840 [FATAL] Updater:351 - Updater called before beeing initialized
2026-07-23 13:34:04,840 [ERROR] CADModel:125 - Updater not yet initialized, retry later 
2026-07-23 13:34:04,842 [FATAL] Updater:351 - Updater called before beeing initialized
2026-07-23 13:34:04,907 [FATAL] Updater:351 - Updater called before beeing initialized
2026-07-23 13:34:04,909 [INFO] DbMcusAds:53 - JSON generation date=Wed Jul 15 02:46:00 PDT 2026 (1784108760991)
2026-07-23 13:34:04,910 [FATAL] Updater:351 - Updater called before beeing initialized
2026-07-23 13:34:04,929 [WARN] DetailPanel:346 - Failed to get advertising image, set to default
2026-07-23 13:34:04,981 [FATAL] Updater:351 - Updater called before beeing initialized
2026-07-23 13:34:04,983 [FATAL] Updater:351 - Updater called before beeing initialized
2026-07-23 13:34:04,983 [FATAL] Updater:351 - Updater called before beeing initialized
2026-07-23 13:34:04,983 [WARN] DetailPanel:346 - Failed to get advertising image, set to default
2026-07-23 13:34:04,984 [FATAL] Updater:351 - Updater called before beeing initialized
2026-07-23 13:34:05,011 [ERROR] Updater:1198 - MainUpdater not yet initialized. External WinMGr cannot be set.
2026-07-23 13:34:05,012 [INFO] Updater:1134 - Updater Version found : 6.15.0
2026-07-23 13:34:05,023 [INFO] ApplicationProperties:184 - Using Application install path: C:\ST\STM32CubeIDE_1.19.0\STM32CubeIDE\plugins\com.st.stm32cube.common.mx_6.15.0.202507011659
2026-07-23 13:34:06,591 [ERROR] LogOutputStream:75 - [STDERR_REDIRECT] Jul 23, 2026 1:34:06 PM java.util.prefs.WindowsPreferences <init>
2026-07-23 13:34:06,592 [ERROR] LogOutputStream:75 - [STDERR_REDIRECT] WARNING: Could not open/create prefs root node Software\JavaSoft\Prefs at root 0xffffffff80000002. Windows RegCreateKeyEx(...) returned error code 5.
2026-07-23 13:34:06,592 [ERROR] LogOutputStream:75 - [STDERR_REDIRECT] 
2026-07-23 13:34:06,824 [INFO] MainUpdater:2872 - connection check result : 10
2026-07-23 13:34:06,824 [INFO] MainUpdater:289 - Updater Check For Update Now.
2026-07-23 13:34:06,824 [INFO] MicroXplorer:498 - Change Database Version : DB.6.0.150
2026-07-23 13:34:06,827 [INFO] McuFinderGlobals:63 - Set McuFinder mode to 2 (CubeIDE integrated)
2026-07-23 13:34:06,828 [INFO] UserAuth:487 - Internet connection configuration mode: 1
2026-07-23 13:34:06,849 [INFO] JxBrowserEngine:152 - Initiate JxBrowser Engine with user profile folder
2026-07-23 13:34:06,988 [INFO] CheckServerUpdateThread:120 - End of CheckServer Thread
2026-07-23 13:34:07,268 [INFO] WebApp:169 - Instantiating new browser for Auth
2026-07-23 13:34:07,483 [WARN] PackLoader:240 - Cannot read IP mode file for STMicroelectronics.X-CUBE-AZRTOS-H7.3.5.0
2026-07-23 13:34:07,495 [WARN] PackLoader:240 - Cannot read IP mode file for STMicroelectronics.FP-SNS-MOTENVWB1.1.4.0
2026-07-23 13:34:07,505 [WARN] PackLoader:240 - Cannot read IP mode file for STMicroelectronics.FP-ATR-ASTRA1.2.0.3
2026-07-23 13:34:07,510 [WARN] PackLoader:240 - Cannot read IP mode file for STMicroelectronics.FP-ATR-ASTRA1.2.0.2
2026-07-23 13:34:07,527 [ERROR] Engine:466 - C:\Users\danny\.stm32cubemx\thirdparties\pdsc\STMicroelectronics.X-CUBE-SMBUS.2.1.1.pdsc: PDSC version is not supported
2026-07-23 13:34:07,531 [WARN] PackLoader:240 - Cannot read IP mode file for STMicroelectronics.X-CUBE-SMBUS.2.1.0
2026-07-23 13:34:07,540 [WARN] PackLoader:240 - Cannot read IP mode file for STMicroelectronics.X-CUBE-WB05N.1.1.0
2026-07-23 13:34:07,546 [WARN] PackLoader:240 - Cannot read IP mode file for STMicroelectronics.X-CUBE-ST60.1.0.0
2026-07-23 13:34:07,565 [WARN] PackLoader:240 - Cannot read IP mode file for STMicroelectronics.X-CUBE-AZRTOS-F7.1.1.0
2026-07-23 13:34:07,573 [WARN] PackLoader:240 - Cannot read IP mode file for STMicroelectronics.X-CUBE-FREERTOS.1.6.0
2026-07-23 13:34:07,578 [WARN] PackLoader:240 - Cannot read IP mode file for STMicroelectronics.FP-SNS-MOTENV1.5.1.0
2026-07-23 13:34:07,596 [WARN] PackLoader:240 - Cannot read IP mode file for STMicroelectronics.X-CUBE-AZRTOS-H7RS.1.3.0
2026-07-23 13:34:07,616 [WARN] PackLoader:240 - Cannot read IP mode file for Infineon.AIROC-Wi-Fi-Bluetooth-STM32.1.7.0
2026-07-23 13:34:07,629 [WARN] PackLoader:240 - Cannot read IP mode file for STMicroelectronics.X-CUBE-AZRTOS-H7.3.4.0
2026-07-23 13:34:07,638 [WARN] PackLoader:240 - Cannot read IP mode file for STMicroelectronics.X-CUBE-DISPLAY.3.0.0
2026-07-23 13:34:07,644 [WARN] PackLoader:240 - Cannot read IP mode file for STMicroelectronics.X-CUBE-GNSS1.7.1.1
2026-07-23 13:34:07,649 [WARN] PackLoader:240 - Cannot read IP mode file for STMicroelectronics.FP-SNS-MOTENVWB1.1.5.0
2026-07-23 13:34:07,653 [WARN] PackLoader:240 - Cannot read IP mode file for STMicroelectronics.X-CUBE-NFC10.1.0.0
2026-07-23 13:34:07,660 [WARN] PackLoader:240 - Cannot read IP mode file for STMicroelectronics.X-CUBE-BLEMGR.4.0.0
2026-07-23 13:34:07,667 [WARN] PackLoader:240 - Cannot read IP mode file for STMicroelectronics.X-CUBE-ST60.1.1.0
2026-07-23 13:34:07,673 [WARN] PackLoader:240 - Cannot read IP mode file for emotas.I-CUBE-CANOPEN.1.3.0
2026-07-23 13:34:07,677 [ERROR] Engine:466 - C:\Users\danny\.stm32cubemx\thirdparties\pdsc\STMicroelectronics.X-CUBE-WBA.1.1.0.pdsc: PDSC version is not supported
2026-07-23 13:34:07,685 [WARN] PackLoader:240 - Cannot read IP mode file for STMicroelectronics.X-CUBE-GNSS1.7.1.0
2026-07-23 13:34:07,691 [WARN] ConditionMgr:438 - getConditionDescription Invalid condition id : Cortex-A Device cause : null
2026-07-23 13:34:07,706 [WARN] ConditionMgr:1044 - genDependencies : Invalid condition id : Cortex-A Device cause : null
2026-07-23 13:34:07,706 [WARN] ConditionMgr:1044 - genDependencies : Invalid condition id : Cortex-A Device cause : null
2026-07-23 13:34:07,706 [WARN] ConditionMgr:1044 - genDependencies : Invalid condition id : Cortex-A Device cause : null
2026-07-23 13:34:07,711 [WARN] PackLoader:240 - Cannot read IP mode file for STMicroelectronics.X-CUBE-AI.10.0.0
2026-07-23 13:34:07,715 [WARN] PackLoader:240 - Cannot read IP mode file for STMicroelectronics.FP-SNS-STBOX1.2.1.0
2026-07-23 13:34:07,721 [WARN] PackLoader:240 - Cannot read IP mode file for STMicroelectronics.FP-SNS-SMARTAG2.1.2.0
2026-07-23 13:34:07,725 [WARN] PackLoader:240 - Cannot read IP mode file for STMicroelectronics.FP-SNS-FLIGHT1.5.1.0
2026-07-23 13:34:07,745 [WARN] PackLoader:240 - Cannot read IP mode file for STMicroelectronics.X-CUBE-MEMS1.11.1.0
2026-07-23 13:34:07,804 [INFO] LogOutputStream:77 - [STDOUT_REDIRECT] 1 : Invalid condition id : UX_CORESTACK_Condition cause : null
2026-07-23 13:34:07,805 [INFO] LogOutputStream:77 - [STDOUT_REDIRECT] 1 : Invalid condition id : UX_CORESTACK_Condition cause : null
2026-07-23 13:34:07,805 [INFO] LogOutputStream:77 - [STDOUT_REDIRECT] 1 : Invalid condition id : UX_CORESTACK_Condition cause : null
2026-07-23 13:34:07,806 [INFO] LogOutputStream:77 - [STDOUT_REDIRECT] 1 : Invalid condition id : UX_CORESTACK_Condition cause : null
2026-07-23 13:34:07,807 [INFO] LogOutputStream:77 - [STDOUT_REDIRECT] 1 : Invalid condition id : UX_CORESTACK_Condition cause : null
2026-07-23 13:34:07,808 [WARN] PackLoader:240 - Cannot read IP mode file for STMicroelectronics.X-CUBE-AZRTOS-WL.2.0.0
2026-07-23 13:34:07,811 [WARN] PackLoader:240 - Cannot read IP mode file for STMicroelectronics.FP-SNS-MOTENV1.5.0.0
2026-07-23 13:34:07,818 [WARN] PackLoader:240 - Cannot read IP mode file for STMicroelectronics.X-CUBE-AZRTOS-H7RS.1.2.0
2026-07-23 13:34:07,833 [WARN] PackLoader:240 - Cannot read IP mode file for WES.I-CUBE-Cesium.1.3.0
2026-07-23 13:34:07,839 [WARN] PackLoader:240 - Cannot read IP mode file for STMicroelectronics.X-CUBE-BLE2.3.3.0
2026-07-23 13:34:07,882 [WARN] PackLoader:240 - Cannot read IP mode file for STMicroelectronics.X-CUBE-NFC9.1.0.0
2026-07-23 13:34:07,892 [WARN] PackLoader:240 - Cannot read IP mode file for STMicroelectronics.X-CUBE-BLE1.7.1.0
2026-07-23 13:34:07,896 [WARN] PackLoader:240 - Cannot read IP mode file for wolfSSL.I-CUBE-wolfMQTT.1.19.2
2026-07-23 13:34:07,900 [WARN] PackLoader:240 - Cannot read IP mode file for STMicroelectronics.X-CUBE-EEPRMA1.5.2.0
2026-07-23 13:34:07,907 [WARN] PackLoader:240 - Cannot read IP mode file for STMicroelectronics.FP-SNS-STAIOTCFT.1.1.0
2026-07-23 13:34:07,923 [WARN] PackLoader:240 - Cannot read IP mode file for STMicroelectronics.X-CUBE-MEMS1.12.0.0
2026-07-23 13:34:07,963 [WARN] PackLoader:240 - Cannot read IP mode file for STMicroelectronics.X-CUBE-AZRTOS-G0.1.1.0
2026-07-23 13:34:07,968 [WARN] PackLoader:240 - Cannot read IP mode file for STMicroelectronics.X-CUBE-SAFEA1.1.2.2
2026-07-23 13:34:07,971 [WARN] PackLoader:240 - Cannot read IP mode file for STMicroelectronics.X-CUBE-NFC4.3.0.0
2026-07-23 13:34:07,976 [WARN] PackLoader:240 - Cannot read IP mode file for EmbeddedOffice.I-CUBE-FS-RTOS.1.0.1
2026-07-23 13:34:07,979 [WARN] PackLoader:240 - Cannot read IP mode file for STMicroelectronics.X-CUBE-WB05N.2.0.0
2026-07-23 13:34:07,982 [WARN] PackLoader:240 - Cannot read IP mode file for wolfSSL.I-CUBE-wolfTPM.3.8.0
2026-07-23 13:34:07,987 [WARN] PackLoader:240 - Cannot read IP mode file for STMicroelectronics.X-CUBE-TCPP.4.2.0
2026-07-23 13:34:07,993 [WARN] PackLoader:240 - Cannot read IP mode file for RealThread.X-CUBE-RT-Thread_Nano.4.1.1
2026-07-23 13:34:07,997 [WARN] PackLoader:240 - Cannot read IP mode file for STMicroelectronics.FP-ATR-SIGFOX1.3.2.0
2026-07-23 13:34:08,001 [WARN] PackLoader:240 - Cannot read IP mode file for STMicroelectronics.X-CUBE-EEPRMA1.5.1.0
2026-07-23 13:34:08,006 [WARN] PackLoader:240 - Cannot read IP mode file for STMicroelectronics.X-CUBE-FREERTOS.1.5.0
2026-07-23 13:34:08,009 [WARN] PackLoader:240 - Cannot read IP mode file for wolfSSL.I-CUBE-wolfSSL.5.7.6
2026-07-23 13:34:08,013 [WARN] PackLoader:240 - Cannot read IP mode file for ITTIA_DB.I-CUBE-ITTIADB.8.9.0
2026-07-23 13:34:08,019 [WARN] PackLoader:240 - Cannot read IP mode file for STMicroelectronics.X-CUBE-NFC6.3.2.0
2026-07-23 13:34:08,028 [WARN] PackLoader:240 - Cannot read IP mode file for STMicroelectronics.X-CUBE-ST67W61.1.0.0
2026-07-23 13:34:08,033 [WARN] PackLoader:240 - Cannot read IP mode file for STMicroelectronics.X-CUBE-AI.10.2.1
2026-07-23 13:34:08,036 [WARN] PackLoader:240 - Cannot read IP mode file for STMicroelectronics.X-CUBE-AI.10.2.0
2026-07-23 13:34:08,063 [WARN] PackLoader:240 - Cannot read IP mode file for STMicroelectronics.X-CUBE-MEMS1.12.1.0
2026-07-23 13:34:08,102 [WARN] PackLoader:240 - Cannot read IP mode file for SEGGER.I-CUBE-embOS.1.3.1
2026-07-23 13:34:08,118 [WARN] PackLoader:240 - Cannot read IP mode file for STMicroelectronics.X-CUBE-ALGOBUILD.1.4.0
2026-07-23 13:34:08,138 [WARN] PackLoader:240 - Cannot read IP mode file for STMicroelectronics.X-CUBE-MEMS1.11.3.0
2026-07-23 13:34:08,191 [WARN] PackLoader:240 - Cannot read IP mode file for STMicroelectronics.X-CUBE-NFC13.1.0.0
2026-07-23 13:34:08,195 [WARN] PackLoader:240 - Cannot read IP mode file for STMicroelectronics.X-CUBE-PM33A1.1.0.0
2026-07-23 13:34:08,204 [WARN] PackLoader:240 - Cannot read IP mode file for STMicroelectronics.X-CUBE-AZRTOS-F4.1.1.0
2026-07-23 13:34:08,207 [WARN] PackLoader:240 - Cannot read IP mode file for Avnet-IotConnect.X-CUBE-IoTC-DA16k-PMOD.1.0.0
2026-07-23 13:34:08,210 [WARN] PackLoader:240 - Cannot read IP mode file for STMicroelectronics.X-CUBE-ISPU.2.1.0
2026-07-23 13:34:08,217 [WARN] PackLoader:240 - Cannot read IP mode file for STMicroelectronics.X-CUBE-IPS.3.2.0
2026-07-23 13:34:08,222 [WARN] PackLoader:240 - Cannot read IP mode file for STMicroelectronics.eDS-WB_DPC_TT-BIDIR.2.1.1
2026-07-23 13:34:08,225 [WARN] PackLoader:240 - Cannot read IP mode file for STMicroelectronics.X-CUBE-NFC12.1.0.0
2026-07-23 13:34:08,242 [WARN] PackLoader:240 - Cannot read IP mode file for STMicroelectronics.X-CUBE-AZRTOS-L5.2.0.0
2026-07-23 13:34:08,251 [WARN] PackLoader:240 - Cannot read IP mode file for STMicroelectronics.X-CUBE-NFC6.3.1.0
2026-07-23 13:34:08,272 [WARN] PackLoader:240 - Cannot read IP mode file for STMicroelectronics.X-CUBE-ALGOBUILD.1.5.0
2026-07-23 13:34:08,278 [WARN] PackLoader:240 - Cannot read IP mode file for STMicroelectronics.eDS-WB_DPC_VIENNA.1.2.0
2026-07-23 13:34:08,281 [WARN] PackLoader:240 - Cannot read IP mode file for STMicroelectronics.eDS-WB_DPC_3PH2L-BIDIR.1.1.1
2026-07-23 13:34:08,283 [ERROR] Engine:466 - C:\Users\danny\.stm32cubemx\thirdparties\pdsc\STMicroelectronics.X-CUBE-ST67W61.1.3.0.pdsc: PDSC version is not supported
2026-07-23 13:34:08,290 [WARN] PackLoader:240 - Cannot read IP mode file for STMicroelectronics.X-CUBE-FREERTOS.1.3.1
2026-07-23 13:34:08,293 [WARN] PackLoader:240 - Cannot read IP mode file for STMicroelectronics.X-CUBE-FREERTOS.1.3.0
2026-07-23 13:34:08,296 [WARN] PackLoader:240 - Cannot read IP mode file for STMicroelectronics.X-CUBE-NFC7.1.0.1
2026-07-23 13:34:08,301 [WARN] PackLoader:240 - Cannot read IP mode file for STMicroelectronics.X-CUBE-TOUCHGFX.4.26.0
2026-07-23 13:34:08,303 [WARN] PackLoader:240 - Cannot read IP mode file for STMicroelectronics.X-CUBE-TOUCHGFX.4.26.1
2026-07-23 13:34:08,307 [WARN] PackLoader:240 - Cannot read IP mode file for STMicroelectronics.FP-SNS-STAIOTCFT.1.0.0
2026-07-23 13:34:08,310 [WARN] PackLoader:240 - Cannot read IP mode file for STMicroelectronics.X-CUBE-DPower.1.3.0
2026-07-23 13:34:08,318 [WARN] ConditionMgr:438 - getConditionDescription Invalid condition id : LAN8742 Phy interface Condition cause : null
2026-07-23 13:34:08,318 [WARN] PackLoader:240 - Cannot read IP mode file for STMicroelectronics.X-CUBE-AZRTOS-L4.2.0.0
2026-07-23 13:34:08,319 [WARN] ConditionMgr:1044 - genDependencies : Invalid condition id : LAN8742 Phy interface Condition cause : null
2026-07-23 13:34:08,319 [WARN] ConditionMgr:1044 - genDependencies : Invalid condition id : LAN8742 Phy interface Condition cause : null
2026-07-23 13:34:08,319 [WARN] ConditionMgr:1044 - genDependencies : Invalid condition id : LAN8742 Phy interface Condition cause : null
2026-07-23 13:34:08,322 [WARN] PackLoader:240 - Cannot read IP mode file for STMicroelectronics.X-CUBE-SFXS2LP1.4.0.0
2026-07-23 13:34:08,325 [WARN] PackLoader:240 - Cannot read IP mode file for STMicroelectronics.X-CUBE-WB05N.2.1.0
2026-07-23 13:34:08,328 [WARN] PackLoader:240 - Cannot read IP mode file for STMicroelectronics.X-CUBE-ST67W61.1.2.0
2026-07-23 13:34:08,336 [WARN] PackLoader:240 - Cannot read IP mode file for STMicroelectronics.X-CUBE-AZRTOS-H7.3.3.0
2026-07-23 13:34:08,342 [WARN] PackLoader:240 - Cannot read IP mode file for STMicroelectronics.X-CUBE-BLEMGR.4.1.0
2026-07-23 13:34:08,350 [WARN] ConditionMgr:438 - getConditionDescription Invalid condition id : UX DEVICE CLASS RTOS Condition cause : null
2026-07-23 13:34:08,350 [WARN] ConditionMgr:438 - getConditionDescription Invalid condition id : UX DEVICE CLASS RTOS Condition cause : null
2026-07-23 13:34:08,351 [WARN] PackLoader:240 - Cannot read IP mode file for STMicroelectronics.X-CUBE-AZRTOS-WB.2.0.0
2026-07-23 13:34:08,352 [WARN] ConditionMgr:1044 - genDependencies : Invalid condition id : UX DEVICE CLASS RTOS Condition cause : null
2026-07-23 13:34:08,352 [WARN] ConditionMgr:1044 - genDependencies : Invalid condition id : UX DEVICE CLASS RTOS Condition cause : null
2026-07-23 13:34:08,352 [WARN] ConditionMgr:1044 - genDependencies : Invalid condition id : UX DEVICE CLASS RTOS Condition cause : null
2026-07-23 13:34:08,352 [WARN] ConditionMgr:1044 - genDependencies : Invalid condition id : UX DEVICE CLASS RTOS Condition cause : null
2026-07-23 13:34:08,352 [WARN] ConditionMgr:1044 - genDependencies : Invalid condition id : UX DEVICE CLASS RTOS Condition cause : null
2026-07-23 13:34:08,355 [WARN] PackLoader:240 - Cannot read IP mode file for STMicroelectronics.X-CUBE-GNSS1.7.0.1
2026-07-23 13:34:08,360 [WARN] PackLoader:240 - Cannot read IP mode file for STMicroelectronics.X-CUBE-TOUCHGFX.4.25.0
2026-07-23 13:34:08,366 [WARN] PackLoader:240 - Cannot read IP mode file for STMicroelectronics.FP-SNS-STBOX1.2.0.0
2026-07-23 13:34:08,372 [WARN] PackLoader:240 - Cannot read IP mode file for STMicroelectronics.X-CUBE-STSE01.2.0.0
2026-07-23 13:34:08,378 [WARN] PackLoader:240 - Cannot read IP mode file for STMicroelectronics.X-CUBE-SUBG2.5.0.0
2026-07-23 13:34:08,387 [WARN] PackLoader:240 - Cannot read IP mode file for STMicroelectronics.X-CUBE-AZRTOS-H7RS.1.1.0
2026-07-23 13:34:08,391 [WARN] PackLoader:240 - Cannot read IP mode file for Cesanta.I-CUBE-Mongoose.7.13.0
2026-07-23 13:34:08,396 [WARN] PackLoader:240 - Cannot read IP mode file for STMicroelectronics.X-CUBE-AZRTOS-G4.2.0.0
2026-07-23 13:34:08,400 [WARN] PackLoader:240 - Cannot read IP mode file for wolfSSL.I-CUBE-wolfSSH.1.4.20
2026-07-23 13:34:08,402 [WARN] PackLoader:240 - Cannot read IP mode file for STMicroelectronics.X-CUBE-NFC7.2.0.0
2026-07-23 13:34:08,405 [WARN] PackLoader:240 - Cannot read IP mode file for STMicroelectronics.X-CUBE-IPS.3.1.0
2026-07-23 13:34:08,408 [ERROR] Engine:466 - C:\Users\danny\.stm32cubemx\thirdparties\pdsc\STMicroelectronics.X-CUBE-BLEMGR.4.2.0.pdsc: PDSC version is not supported
2026-07-23 13:34:08,411 [WARN] PackLoader:240 - Cannot read IP mode file for STMicroelectronics.X-CUBE-ALS.1.0.2
2026-07-23 13:34:08,414 [WARN] PackLoader:240 - Cannot read IP mode file for STMicroelectronics.X-CUBE-STSE01.1.0.0
2026-07-23 13:34:08,418 [WARN] PackLoader:240 - Cannot read IP mode file for portGmbH.I-Cube-SoM-uGOAL.1.1.0
2026-07-23 13:34:08,427 [WARN] PackLoader:240 - Cannot read IP mode file for STMicroelectronics.X-CUBE-TOF1.3.4.2
2026-07-23 13:34:08,434 [WARN] PackLoader:240 - Cannot read IP mode file for STMicroelectronics.X-CUBE-TOF1.3.4.3
2026-07-23 13:34:08,437 [INFO] ThirdParty:978 - Integrity check success = true
2026-07-23 13:34:08,437 [INFO] IntegrityCheckThread:100 - exiting critical section [integrity check]
2026-07-23 13:34:08,437 [INFO] IntegrityCheckThread:103 - End integrity checks thread
2026-07-23 13:34:08,643 [INFO] WebApp:463 - Apply proxy settings
2026-07-23 13:34:08,643 [INFO] WebApp:548 - Chromium requires no authentication
2026-07-23 13:34:08,648 [INFO] WebApp:491 - Direct internet connection detected
2026-07-23 13:34:08,660 [INFO] WebApp:900 - Register for checkConnection events
2026-07-23 13:34:08,661 [INFO] WebApp:463 - Apply proxy settings
2026-07-23 13:34:08,661 [INFO] WebApp:548 - Chromium requires no authentication
2026-07-23 13:34:08,661 [INFO] WebApp:491 - Direct internet connection detected
2026-07-23 13:34:08,778 [INFO] WebApp:225 - Starting web application
2026-07-23 13:34:08,778 [INFO] WebApp:593 - Web application path used C:\ST\STM32CubeIDE_1.19.0\STM32CubeIDE\plugins\com.st.stm32cube.common.mx_6.15.0.202507011659\db\plugins\mcufinder\reactClient1\index.html
2026-07-23 13:34:08,854 [INFO] UserAuth:487 - Internet connection configuration mode: 1
2026-07-23 13:34:08,869 [INFO] WebApp:191 - Connection restablished
2026-07-23 13:34:43,684 [ERROR] LogOutputStream:75 - [STDERR_REDIRECT] 
2026-07-23 13:34:55,163 [INFO] Activator:176 - 


2026-07-23 13:34:55,173 [INFO] Activator:177 - !SESSION log4j initialized
2026-07-23 13:34:57,117 [INFO] LogOutputStream:77 - [STDOUT_REDIRECT] 
2026-07-23 13:34:58,188 [INFO] ApplicationProperties:184 - Using Application install path: C:\ST\STM32CubeIDE_1.19.0\STM32CubeIDE\plugins\com.st.stm32cube.common.mx_6.15.0.202507011659
2026-07-23 13:34:58,197 [INFO] DbMcusXml:78 - Set database path to: C:\ST\STM32CubeIDE_1.19.0\STM32CubeIDE\plugins\com.st.stm32cube.common.mx_6.15.0.202507011659\\db\/mcu/
2026-07-23 13:34:58,198 [INFO] ApiDb:274 - Set plugin database path to: C:\ST\STM32CubeIDE_1.19.0\STM32CubeIDE\plugins\com.st.stm32cube.common.mx_6.15.0.202507011659\\db\/plugins/boardmanager/
2026-07-23 13:34:58,198 [WARN] ApiDb:259 - Overriding images path with different value:  => C:\ST\STM32CubeIDE_1.19.0\STM32CubeIDE\plugins\com.st.stm32cube.common.mx_6.15.0.202507011659\\db\/plugins/mcufinder/images/
2026-07-23 13:34:58,201 [INFO] ApiDb:250 - Set database path to: C:\Users\danny\.stmcufinder\plugins\mcufinder//mcu/
2026-07-23 13:34:58,201 [INFO] DbMcusAds:125 - Set database path to: C:\Users\danny\.stmcufinder\plugins\mcufinder//mcu/
2026-07-23 13:34:58,202 [INFO] CrossReferenceDbSqlite:203 - Set database path to: C:\Users\danny\.stmcufinder\plugins\mcufinder//mcu/cs/
2026-07-23 13:34:58,272 [INFO] RulesReader:64 - Compatibility file has been processed (317 Rules)
2026-07-23 13:34:58,321 [INFO] DbMcusXml:78 - Set database path to: C:\ST\STM32CubeIDE_1.19.0\STM32CubeIDE\plugins\com.st.stm32cube.common.mx_6.15.0.202507011659\\db\/mcu/
2026-07-23 13:34:58,321 [INFO] ApiDb:274 - Set plugin database path to: C:\ST\STM32CubeIDE_1.19.0\STM32CubeIDE\plugins\com.st.stm32cube.common.mx_6.15.0.202507011659\\db\/plugins/boardmanager/
2026-07-23 13:34:58,321 [INFO] ApiDb:261 - Set plugin images path to: C:\ST\STM32CubeIDE_1.19.0\STM32CubeIDE\plugins\com.st.stm32cube.common.mx_6.15.0.202507011659\\db\/plugins/mcufinder/images/
2026-07-23 13:34:58,321 [WARN] DbFile:41 - Overriding database path with different value: C:\Users\danny\.stmcufinder\plugins\mcufinder/ => C:\Users\danny\.stmcufinder\plugins\mcufinder
2026-07-23 13:34:58,321 [INFO] ApiDb:250 - Set database path to: C:\Users\danny\.stmcufinder\plugins\mcufinder//mcu/
2026-07-23 13:34:58,321 [WARN] DbFile:41 - Overriding database path with different value: C:\Users\danny\.stmcufinder\plugins\mcufinder/ => C:\Users\danny\.stmcufinder\plugins\mcufinder
2026-07-23 13:34:58,321 [INFO] DbMcusAds:125 - Set database path to: C:\Users\danny\.stmcufinder\plugins\mcufinder//mcu/
2026-07-23 13:34:58,321 [WARN] DbFile:41 - Overriding database path with different value: C:\Users\danny\.stmcufinder\plugins\mcufinder/ => C:\Users\danny\.stmcufinder\plugins\mcufinder
2026-07-23 13:34:58,321 [WARN] DbFile:41 - Overriding database path with different value: C:\Users\danny\.stmcufinder\plugins\mcufinder/ => C:\Users\danny\.stmcufinder\plugins\mcufinder
2026-07-23 13:34:58,322 [INFO] CrossReferenceDbSqlite:203 - Set database path to: C:\Users\danny\.stmcufinder\plugins\mcufinder//mcu/cs/
2026-07-23 13:34:58,365 [INFO] MainPanel:274 - HeapMemory: 268435456
2026-07-23 13:34:58,416 [INFO] DbMcusXml:78 - Set database path to: C:\ST\STM32CubeIDE_1.19.0\STM32CubeIDE\plugins\com.st.stm32cube.common.mx_6.15.0.202507011659\\db\/mcu/
2026-07-23 13:34:58,417 [INFO] ApiDb:274 - Set plugin database path to: C:\ST\STM32CubeIDE_1.19.0\STM32CubeIDE\plugins\com.st.stm32cube.common.mx_6.15.0.202507011659\\db\/plugins/boardmanager/
2026-07-23 13:34:58,417 [INFO] ApiDb:261 - Set plugin images path to: C:\ST\STM32CubeIDE_1.19.0\STM32CubeIDE\plugins\com.st.stm32cube.common.mx_6.15.0.202507011659\\db\/plugins/mcufinder/images/
2026-07-23 13:34:58,417 [WARN] DbFile:41 - Overriding database path with different value: C:\Users\danny\.stmcufinder\plugins\mcufinder/ => C:\Users\danny\.stmcufinder\plugins\mcufinder
2026-07-23 13:34:58,417 [INFO] ApiDb:250 - Set database path to: C:\Users\danny\.stmcufinder\plugins\mcufinder//mcu/
2026-07-23 13:34:58,417 [WARN] DbFile:41 - Overriding database path with different value: C:\Users\danny\.stmcufinder\plugins\mcufinder/ => C:\Users\danny\.stmcufinder\plugins\mcufinder
2026-07-23 13:34:58,417 [INFO] DbMcusAds:125 - Set database path to: C:\Users\danny\.stmcufinder\plugins\mcufinder//mcu/
2026-07-23 13:34:58,417 [WARN] DbFile:41 - Overriding database path with different value: C:\Users\danny\.stmcufinder\plugins\mcufinder/ => C:\Users\danny\.stmcufinder\plugins\mcufinder
2026-07-23 13:34:58,417 [WARN] DbFile:41 - Overriding database path with different value: C:\Users\danny\.stmcufinder\plugins\mcufinder/ => C:\Users\danny\.stmcufinder\plugins\mcufinder
2026-07-23 13:34:58,417 [INFO] CrossReferenceDbSqlite:203 - Set database path to: C:\Users\danny\.stmcufinder\plugins\mcufinder//mcu/cs/
2026-07-23 13:34:58,429 [INFO] ApplicationProperties:184 - Using Application install path: C:\ST\STM32CubeIDE_1.19.0\STM32CubeIDE\plugins\com.st.stm32cube.common.mx_6.15.0.202507011659
2026-07-23 13:34:58,429 [INFO] PluginManage:196 - Search for loadable plugins [exclusion list=, ]
2026-07-23 13:34:58,430 [INFO] PluginManage:310 - Check plugin analytics
2026-07-23 13:34:58,540 [INFO] AnalyticsPlugin:253 - Accepted Software Licenses: 
2026-07-23 13:34:58,540 [INFO] AnalyticsPlugin:255 - Accepted CMSIS Pack Licenses: 
2026-07-23 13:34:58,540 [INFO] AnalyticsPlugin:257 - Accepted Firmware Licenses: 
2026-07-23 13:34:58,542 [INFO] PluginManage:359 - Loaded plugin analytics (category:tool,tabindex:-1)
2026-07-23 13:34:58,542 [INFO] PluginManage:310 - Check plugin cadmodel
2026-07-23 13:34:58,545 [INFO] CADModel:105 - Init CAD model plugin
2026-07-23 13:34:58,545 [INFO] PluginManage:359 - Loaded plugin cadmodel (category:power,tabindex:5)
2026-07-23 13:34:58,546 [INFO] PluginManage:310 - Check plugin clock
2026-07-23 13:34:58,551 [INFO] PluginManage:359 - Loaded plugin clock (category:base,tabindex:2)
2026-07-23 13:34:58,551 [INFO] PluginManage:310 - Check plugin ddr
2026-07-23 13:34:58,553 [INFO] PluginManage:359 - Loaded plugin ddr (category:tool,tabindex:6)
2026-07-23 13:34:58,553 [INFO] PluginManage:310 - Check plugin filemanager
2026-07-23 13:34:58,673 [INFO] PluginManage:359 - Loaded plugin filemanager (category:base,tabindex:10)
2026-07-23 13:34:58,673 [INFO] PluginManage:310 - Check plugin ipmanager
2026-07-23 13:34:58,678 [INFO] PluginManage:359 - Loaded plugin ipmanager (category:base,tabindex:5)
2026-07-23 13:34:58,678 [INFO] PluginManage:310 - Check plugin lpbam
2026-07-23 13:34:58,683 [INFO] PluginManage:359 - Loaded plugin lpbam (category:base,tabindex:0)
2026-07-23 13:34:58,683 [INFO] PluginManage:310 - Check plugin memorymap
2026-07-23 13:34:58,689 [INFO] PluginManage:359 - Loaded plugin memorymap (category:base,tabindex:4)
2026-07-23 13:34:58,690 [INFO] PluginManage:310 - Check plugin pinoutandconfiguration
2026-07-23 13:34:58,693 [INFO] PluginManage:359 - Loaded plugin pinoutandconfiguration (category:base,tabindex:1)
2026-07-23 13:34:58,693 [INFO] PluginManage:310 - Check plugin pinoutconfig
2026-07-23 13:34:58,742 [WARN] SupportedApi:132 - Cannot load RTOS API schema: s4s-elt-must-match.1: The content of 'definitions' must match (annotation?, (simpleType | complexType)?, (unique | key | keyref)*)). A problem was found starting at: attribute.
2026-07-23 13:34:58,810 [INFO] PluginManage:359 - Loaded plugin pinoutconfig (category:base,tabindex:0)
2026-07-23 13:34:58,810 [INFO] PluginManage:310 - Check plugin power
2026-07-23 13:34:58,815 [INFO] PluginManage:359 - Loaded plugin power (category:power,tabindex:4)
2026-07-23 13:34:58,815 [INFO] PluginManage:310 - Check plugin projectmanager
2026-07-23 13:34:58,824 [INFO] PluginManage:359 - Loaded plugin projectmanager (category:projectmanager,tabindex:4)
2026-07-23 13:34:58,825 [INFO] PluginManage:310 - Check plugin rif
2026-07-23 13:34:58,830 [INFO] PluginManage:359 - Loaded plugin rif (category:base,tabindex:3)
2026-07-23 13:34:58,830 [INFO] PluginManage:310 - Check plugin thirdparty
2026-07-23 13:34:58,899 [INFO] PluginManage:359 - Loaded plugin thirdparty (category:base,tabindex:-1)
2026-07-23 13:34:58,899 [INFO] PluginManage:310 - Check plugin tools
2026-07-23 13:34:58,899 [WARN] IntegrityCheckThread:84 - waiting for thirdparty lock release [integrity check]
2026-07-23 13:34:58,899 [INFO] IntegrityCheckThread:86 - entering critical section [integrity check]
2026-07-23 13:34:58,900 [INFO] ThirdPartyUpdaterWithRetryManager:70 - Updater plugin not ready yet. [1/15]
2026-07-23 13:34:58,901 [INFO] PluginManage:359 - Loaded plugin tools (category:base,tabindex:7)
2026-07-23 13:34:58,901 [INFO] PluginManage:310 - Check plugin tutovideos
2026-07-23 13:34:58,996 [INFO] PluginManage:359 - Loaded plugin tutovideos (category:base,tabindex:-1)
2026-07-23 13:34:58,996 [INFO] PluginManage:310 - Check plugin updater
2026-07-23 13:34:59,007 [INFO] PluginManage:359 - Loaded plugin updater (category:base,tabindex:12)
2026-07-23 13:34:59,007 [INFO] PluginManage:310 - Check plugin userauth
2026-07-23 13:34:59,009 [INFO] UserAuth:118 - Init User Auth plugin
2026-07-23 13:34:59,010 [INFO] PluginManage:359 - Loaded plugin userauth (category:base,tabindex:14)
2026-07-23 13:34:59,010 [INFO] PluginManage:283 - PluginManage : Loaded plugins [18]
2026-07-23 13:34:59,129 [INFO] PinOutPanel:1589 - setPackage(No Configuration,No Configuration)
2026-07-23 13:34:59,174 [INFO] CADModel:165 - CPN selected for project level
2026-07-23 13:34:59,174 [INFO] CADModel:114 - Register for checkConnection events
2026-07-23 13:34:59,181 [INFO] IPUIPlugin:80 - create IPUIPlugin
2026-07-23 13:34:59,182 [INFO] PluginManager:220 - loadIPPluginJar : add adc
2026-07-23 13:34:59,183 [INFO] IPUIPlugin:80 - create IPUIPlugin
2026-07-23 13:34:59,183 [INFO] PluginManager:220 - loadIPPluginJar : add aes
2026-07-23 13:34:59,185 [INFO] IPUIPlugin:80 - create IPUIPlugin
2026-07-23 13:34:59,185 [INFO] PluginManager:220 - loadIPPluginJar : add can
2026-07-23 13:34:59,185 [INFO] IPUIPlugin:80 - create IPUIPlugin
2026-07-23 13:34:59,186 [INFO] PluginManager:220 - loadIPPluginJar : add comp
2026-07-23 13:34:59,187 [INFO] IPUIPlugin:80 - create IPUIPlugin
2026-07-23 13:34:59,187 [INFO] PluginManager:220 - loadIPPluginJar : add cryp
2026-07-23 13:34:59,188 [INFO] IPUIPlugin:80 - create IPUIPlugin
2026-07-23 13:34:59,188 [INFO] PluginManager:220 - loadIPPluginJar : add ddr_ctrl_phy
2026-07-23 13:34:59,189 [INFO] IPUIPlugin:80 - create IPUIPlugin
2026-07-23 13:34:59,189 [INFO] PluginManager:220 - loadIPPluginJar : add dfsdm
2026-07-23 13:34:59,192 [INFO] IPUIPlugin:80 - create IPUIPlugin
2026-07-23 13:34:59,192 [INFO] PluginManager:220 - loadIPPluginJar : add dma
2026-07-23 13:34:59,193 [INFO] IPUIPlugin:80 - create IPUIPlugin
2026-07-23 13:34:59,193 [INFO] PluginManager:220 - loadIPPluginJar : add dma3
2026-07-23 13:34:59,194 [INFO] IPUIPlugin:80 - create IPUIPlugin
2026-07-23 13:34:59,194 [INFO] PluginManager:220 - loadIPPluginJar : add extmemmanager
2026-07-23 13:34:59,195 [INFO] IPUIPlugin:80 - create IPUIPlugin
2026-07-23 13:34:59,195 [INFO] PluginManager:220 - loadIPPluginJar : add fatfs
2026-07-23 13:34:59,197 [INFO] IPUIPlugin:80 - create IPUIPlugin
2026-07-23 13:34:59,197 [INFO] PluginManager:220 - loadIPPluginJar : add fmc
2026-07-23 13:34:59,199 [INFO] IPUIPlugin:80 - create IPUIPlugin
2026-07-23 13:34:59,200 [INFO] PluginManager:220 - loadIPPluginJar : add freertos
2026-07-23 13:34:59,200 [INFO] IPUIPlugin:80 - create IPUIPlugin
2026-07-23 13:34:59,200 [INFO] PluginManager:220 - loadIPPluginJar : add genericplugin
2026-07-23 13:34:59,201 [INFO] IPUIPlugin:80 - create IPUIPlugin
2026-07-23 13:34:59,201 [INFO] PluginManager:220 - loadIPPluginJar : add gfxmmu
2026-07-23 13:34:59,203 [INFO] IPUIPlugin:80 - create IPUIPlugin
2026-07-23 13:34:59,203 [INFO] PluginManager:220 - loadIPPluginJar : add gic
2026-07-23 13:34:59,204 [INFO] IPUIPlugin:80 - create IPUIPlugin
2026-07-23 13:34:59,204 [INFO] PluginManager:220 - loadIPPluginJar : add gpio
2026-07-23 13:34:59,206 [INFO] IPUIPlugin:80 - create IPUIPlugin
2026-07-23 13:34:59,206 [INFO] PluginManager:220 - loadIPPluginJar : add gtzc
2026-07-23 13:34:59,207 [INFO] IPUIPlugin:80 - create IPUIPlugin
2026-07-23 13:34:59,207 [INFO] PluginManager:220 - loadIPPluginJar : add hash
2026-07-23 13:34:59,208 [INFO] IPUIPlugin:80 - create IPUIPlugin
2026-07-23 13:34:59,209 [INFO] PluginManager:220 - loadIPPluginJar : add i2c
2026-07-23 13:34:59,210 [INFO] IPUIPlugin:80 - create IPUIPlugin
2026-07-23 13:34:59,210 [INFO] PluginManager:220 - loadIPPluginJar : add i2s
2026-07-23 13:34:59,211 [INFO] IPUIPlugin:80 - create IPUIPlugin
2026-07-23 13:34:59,211 [INFO] PluginManager:220 - loadIPPluginJar : add i3c
2026-07-23 13:34:59,213 [INFO] IPUIPlugin:80 - create IPUIPlugin
2026-07-23 13:34:59,213 [INFO] PluginManager:220 - loadIPPluginJar : add ipddr
2026-07-23 13:34:59,216 [INFO] IPUIPlugin:80 - create IPUIPlugin
2026-07-23 13:34:59,216 [INFO] PluginManager:220 - loadIPPluginJar : add linkedlist
2026-07-23 13:34:59,218 [INFO] IPUIPlugin:80 - create IPUIPlugin
2026-07-23 13:34:59,218 [INFO] PluginManager:220 - loadIPPluginJar : add lorawan
2026-07-23 13:34:59,219 [INFO] IPUIPlugin:80 - create IPUIPlugin
2026-07-23 13:34:59,219 [INFO] PluginManager:220 - loadIPPluginJar : add ltdc
2026-07-23 13:34:59,221 [INFO] IPUIPlugin:80 - create IPUIPlugin
2026-07-23 13:34:59,221 [INFO] PluginManager:220 - loadIPPluginJar : add mdma
2026-07-23 13:34:59,223 [INFO] IPUIPlugin:80 - create IPUIPlugin
2026-07-23 13:34:59,223 [INFO] PluginManager:220 - loadIPPluginJar : add nvic
2026-07-23 13:34:59,224 [INFO] IPUIPlugin:80 - create IPUIPlugin
2026-07-23 13:34:59,224 [INFO] PluginManager:220 - loadIPPluginJar : add opamp
2026-07-23 13:34:59,226 [INFO] IPUIPlugin:80 - create IPUIPlugin
2026-07-23 13:34:59,226 [INFO] PluginManager:220 - loadIPPluginJar : add openamp
2026-07-23 13:34:59,227 [INFO] IPUIPlugin:80 - create IPUIPlugin
2026-07-23 13:34:59,227 [INFO] PluginManager:220 - loadIPPluginJar : add pdm2pcm
2026-07-23 13:34:59,229 [INFO] IPUIPlugin:80 - create IPUIPlugin
2026-07-23 13:34:59,230 [INFO] PluginManager:220 - loadIPPluginJar : add plateformsettings
2026-07-23 13:34:59,231 [INFO] IPUIPlugin:80 - create IPUIPlugin
2026-07-23 13:34:59,231 [INFO] PluginManager:220 - loadIPPluginJar : add quadspi
2026-07-23 13:34:59,232 [INFO] IPUIPlugin:80 - create IPUIPlugin
2026-07-23 13:34:59,233 [INFO] PluginManager:220 - loadIPPluginJar : add radio
2026-07-23 13:34:59,234 [INFO] IPUIPlugin:80 - create IPUIPlugin
2026-07-23 13:34:59,234 [INFO] PluginManager:220 - loadIPPluginJar : add resmgrutility
2026-07-23 13:34:59,235 [INFO] IPUIPlugin:80 - create IPUIPlugin
2026-07-23 13:34:59,235 [INFO] PluginManager:220 - loadIPPluginJar : add sai
2026-07-23 13:34:59,236 [INFO] IPUIPlugin:80 - create IPUIPlugin
2026-07-23 13:34:59,237 [INFO] PluginManager:220 - loadIPPluginJar : add spi
2026-07-23 13:34:59,239 [INFO] IPUIPlugin:80 - create IPUIPlugin
2026-07-23 13:34:59,239 [INFO] PluginManager:220 - loadIPPluginJar : add stm32_wpan
2026-07-23 13:34:59,240 [INFO] IPUIPlugin:80 - create IPUIPlugin
2026-07-23 13:34:59,240 [INFO] PluginManager:220 - loadIPPluginJar : add tim
2026-07-23 13:34:59,242 [INFO] IPUIPlugin:80 - create IPUIPlugin
2026-07-23 13:34:59,242 [INFO] PluginManager:220 - loadIPPluginJar : add touchsensing
2026-07-23 13:34:59,243 [INFO] IPUIPlugin:80 - create IPUIPlugin
2026-07-23 13:34:59,243 [INFO] PluginManager:220 - loadIPPluginJar : add tracer_emb
2026-07-23 13:34:59,244 [INFO] IPUIPlugin:80 - create IPUIPlugin
2026-07-23 13:34:59,244 [INFO] PluginManager:220 - loadIPPluginJar : add ts
2026-07-23 13:34:59,245 [INFO] IPUIPlugin:80 - create IPUIPlugin
2026-07-23 13:34:59,245 [INFO] PluginManager:220 - loadIPPluginJar : add tsc
2026-07-23 13:34:59,246 [INFO] IPUIPlugin:80 - create IPUIPlugin
2026-07-23 13:34:59,246 [INFO] PluginManager:220 - loadIPPluginJar : add ucpd
2026-07-23 13:34:59,247 [INFO] IPUIPlugin:80 - create IPUIPlugin
2026-07-23 13:34:59,247 [INFO] PluginManager:220 - loadIPPluginJar : add usart
2026-07-23 13:34:59,249 [INFO] IPUIPlugin:80 - create IPUIPlugin
2026-07-23 13:34:59,249 [INFO] PluginManager:220 - loadIPPluginJar : add usbx
2026-07-23 13:34:59,353 [FATAL] Updater:351 - Updater called before beeing initialized
2026-07-23 13:34:59,366 [INFO] RulesReader:64 - Compatibility file has been processed (317 Rules)
2026-07-23 13:34:59,372 [INFO] RulesReader:64 - Compatibility file has been processed (317 Rules)
2026-07-23 13:34:59,379 [INFO] CADModel:165 - CPN selected for project level
2026-07-23 13:34:59,379 [INFO] CADModel:114 - Register for checkConnection events
2026-07-23 13:34:59,379 [FATAL] Updater:351 - Updater called before beeing initialized
2026-07-23 13:34:59,380 [ERROR] CADModel:125 - Updater not yet initialized, retry later 
2026-07-23 13:34:59,469 [FATAL] Updater:351 - Updater called before beeing initialized
2026-07-23 13:34:59,470 [INFO] CADModel:165 - CPN selected for project level
2026-07-23 13:34:59,470 [INFO] CADModel:114 - Register for checkConnection events
2026-07-23 13:34:59,470 [FATAL] Updater:351 - Updater called before beeing initialized
2026-07-23 13:34:59,471 [ERROR] CADModel:125 - Updater not yet initialized, retry later 
2026-07-23 13:34:59,472 [FATAL] Updater:351 - Updater called before beeing initialized
2026-07-23 13:34:59,530 [FATAL] Updater:351 - Updater called before beeing initialized
2026-07-23 13:34:59,532 [INFO] DbMcusAds:53 - JSON generation date=Wed Jul 15 02:46:00 PDT 2026 (1784108760991)
2026-07-23 13:34:59,532 [FATAL] Updater:351 - Updater called before beeing initialized
2026-07-23 13:34:59,551 [WARN] DetailPanel:346 - Failed to get advertising image, set to default
2026-07-23 13:34:59,600 [FATAL] Updater:351 - Updater called before beeing initialized
2026-07-23 13:34:59,601 [FATAL] Updater:351 - Updater called before beeing initialized
2026-07-23 13:34:59,601 [FATAL] Updater:351 - Updater called before beeing initialized
2026-07-23 13:34:59,601 [WARN] DetailPanel:346 - Failed to get advertising image, set to default
2026-07-23 13:34:59,602 [FATAL] Updater:351 - Updater called before beeing initialized
2026-07-23 13:34:59,629 [ERROR] Updater:1198 - MainUpdater not yet initialized. External WinMGr cannot be set.
2026-07-23 13:34:59,630 [INFO] Updater:1134 - Updater Version found : 6.15.0
2026-07-23 13:34:59,641 [INFO] ApplicationProperties:184 - Using Application install path: C:\ST\STM32CubeIDE_1.19.0\STM32CubeIDE\plugins\com.st.stm32cube.common.mx_6.15.0.202507011659
2026-07-23 13:35:01,209 [ERROR] LogOutputStream:75 - [STDERR_REDIRECT] Jul 23, 2026 1:35:01 PM java.util.prefs.WindowsPreferences <init>
2026-07-23 13:35:01,210 [ERROR] LogOutputStream:75 - [STDERR_REDIRECT] WARNING: Could not open/create prefs root node Software\JavaSoft\Prefs at root 0xffffffff80000002. Windows RegCreateKeyEx(...) returned error code 5.
2026-07-23 13:35:01,210 [ERROR] LogOutputStream:75 - [STDERR_REDIRECT] 
2026-07-23 13:35:01,401 [INFO] MainUpdater:2872 - connection check result : 10
2026-07-23 13:35:01,401 [INFO] MainUpdater:289 - Updater Check For Update Now.
2026-07-23 13:35:01,401 [INFO] MicroXplorer:498 - Change Database Version : DB.6.0.150
2026-07-23 13:35:01,406 [INFO] McuFinderGlobals:63 - Set McuFinder mode to 2 (CubeIDE integrated)
2026-07-23 13:35:01,406 [INFO] UserAuth:487 - Internet connection configuration mode: 1
2026-07-23 13:35:01,428 [INFO] JxBrowserEngine:152 - Initiate JxBrowser Engine with user profile folder
2026-07-23 13:35:01,557 [INFO] CheckServerUpdateThread:120 - End of CheckServer Thread
2026-07-23 13:35:01,814 [INFO] WebApp:169 - Instantiating new browser for Auth
2026-07-23 13:35:02,109 [WARN] PackLoader:240 - Cannot read IP mode file for STMicroelectronics.X-CUBE-AZRTOS-H7.3.5.0
2026-07-23 13:35:02,119 [WARN] PackLoader:240 - Cannot read IP mode file for STMicroelectronics.FP-SNS-MOTENVWB1.1.4.0
2026-07-23 13:35:02,123 [WARN] PackLoader:240 - Cannot read IP mode file for STMicroelectronics.FP-ATR-ASTRA1.2.0.3
2026-07-23 13:35:02,126 [WARN] PackLoader:240 - Cannot read IP mode file for STMicroelectronics.FP-ATR-ASTRA1.2.0.2
2026-07-23 13:35:02,136 [ERROR] Engine:466 - C:\Users\danny\.stm32cubemx\thirdparties\pdsc\STMicroelectronics.X-CUBE-SMBUS.2.1.1.pdsc: PDSC version is not supported
2026-07-23 13:35:02,139 [WARN] PackLoader:240 - Cannot read IP mode file for STMicroelectronics.X-CUBE-SMBUS.2.1.0
2026-07-23 13:35:02,147 [WARN] PackLoader:240 - Cannot read IP mode file for STMicroelectronics.X-CUBE-WB05N.1.1.0
2026-07-23 13:35:02,151 [WARN] PackLoader:240 - Cannot read IP mode file for STMicroelectronics.X-CUBE-ST60.1.0.0
2026-07-23 13:35:02,164 [WARN] PackLoader:240 - Cannot read IP mode file for STMicroelectronics.X-CUBE-AZRTOS-F7.1.1.0
2026-07-23 13:35:02,169 [WARN] PackLoader:240 - Cannot read IP mode file for STMicroelectronics.X-CUBE-FREERTOS.1.6.0
2026-07-23 13:35:02,173 [WARN] PackLoader:240 - Cannot read IP mode file for STMicroelectronics.FP-SNS-MOTENV1.5.1.0
2026-07-23 13:35:02,187 [WARN] PackLoader:240 - Cannot read IP mode file for STMicroelectronics.X-CUBE-AZRTOS-H7RS.1.3.0
2026-07-23 13:35:02,203 [WARN] PackLoader:240 - Cannot read IP mode file for Infineon.AIROC-Wi-Fi-Bluetooth-STM32.1.7.0
2026-07-23 13:35:02,217 [WARN] PackLoader:240 - Cannot read IP mode file for STMicroelectronics.X-CUBE-AZRTOS-H7.3.4.0
2026-07-23 13:35:02,222 [WARN] PackLoader:240 - Cannot read IP mode file for STMicroelectronics.X-CUBE-DISPLAY.3.0.0
2026-07-23 13:35:02,226 [WARN] PackLoader:240 - Cannot read IP mode file for STMicroelectronics.X-CUBE-GNSS1.7.1.1
2026-07-23 13:35:02,229 [WARN] PackLoader:240 - Cannot read IP mode file for STMicroelectronics.FP-SNS-MOTENVWB1.1.5.0
2026-07-23 13:35:02,233 [WARN] PackLoader:240 - Cannot read IP mode file for STMicroelectronics.X-CUBE-NFC10.1.0.0
2026-07-23 13:35:02,238 [WARN] PackLoader:240 - Cannot read IP mode file for STMicroelectronics.X-CUBE-BLEMGR.4.0.0
2026-07-23 13:35:02,242 [WARN] PackLoader:240 - Cannot read IP mode file for STMicroelectronics.X-CUBE-ST60.1.1.0
2026-07-23 13:35:02,245 [WARN] PackLoader:240 - Cannot read IP mode file for emotas.I-CUBE-CANOPEN.1.3.0
2026-07-23 13:35:02,247 [ERROR] Engine:466 - C:\Users\danny\.stm32cubemx\thirdparties\pdsc\STMicroelectronics.X-CUBE-WBA.1.1.0.pdsc: PDSC version is not supported
2026-07-23 13:35:02,249 [WARN] PackLoader:240 - Cannot read IP mode file for STMicroelectronics.X-CUBE-GNSS1.7.1.0
2026-07-23 13:35:02,253 [WARN] ConditionMgr:438 - getConditionDescription Invalid condition id : Cortex-A Device cause : null
2026-07-23 13:35:02,264 [WARN] ConditionMgr:1044 - genDependencies : Invalid condition id : Cortex-A Device cause : null
2026-07-23 13:35:02,264 [WARN] ConditionMgr:1044 - genDependencies : Invalid condition id : Cortex-A Device cause : null
2026-07-23 13:35:02,264 [WARN] ConditionMgr:1044 - genDependencies : Invalid condition id : Cortex-A Device cause : null
2026-07-23 13:35:02,267 [WARN] PackLoader:240 - Cannot read IP mode file for STMicroelectronics.X-CUBE-AI.10.0.0
2026-07-23 13:35:02,271 [WARN] PackLoader:240 - Cannot read IP mode file for STMicroelectronics.FP-SNS-STBOX1.2.1.0
2026-07-23 13:35:02,275 [WARN] PackLoader:240 - Cannot read IP mode file for STMicroelectronics.FP-SNS-SMARTAG2.1.2.0
2026-07-23 13:35:02,279 [WARN] PackLoader:240 - Cannot read IP mode file for STMicroelectronics.FP-SNS-FLIGHT1.5.1.0
2026-07-23 13:35:02,311 [WARN] PackLoader:240 - Cannot read IP mode file for STMicroelectronics.X-CUBE-MEMS1.11.1.0
2026-07-23 13:35:02,369 [INFO] LogOutputStream:77 - [STDOUT_REDIRECT] 1 : Invalid condition id : UX_CORESTACK_Condition cause : null
2026-07-23 13:35:02,369 [INFO] LogOutputStream:77 - [STDOUT_REDIRECT] 1 : Invalid condition id : UX_CORESTACK_Condition cause : null
2026-07-23 13:35:02,370 [INFO] LogOutputStream:77 - [STDOUT_REDIRECT] 1 : Invalid condition id : UX_CORESTACK_Condition cause : null
2026-07-23 13:35:02,371 [INFO] LogOutputStream:77 - [STDOUT_REDIRECT] 1 : Invalid condition id : UX_CORESTACK_Condition cause : null
2026-07-23 13:35:02,372 [INFO] LogOutputStream:77 - [STDOUT_REDIRECT] 1 : Invalid condition id : UX_CORESTACK_Condition cause : null
2026-07-23 13:35:02,373 [WARN] PackLoader:240 - Cannot read IP mode file for STMicroelectronics.X-CUBE-AZRTOS-WL.2.0.0
2026-07-23 13:35:02,376 [WARN] PackLoader:240 - Cannot read IP mode file for STMicroelectronics.FP-SNS-MOTENV1.5.0.0
2026-07-23 13:35:02,384 [WARN] PackLoader:240 - Cannot read IP mode file for STMicroelectronics.X-CUBE-AZRTOS-H7RS.1.2.0
2026-07-23 13:35:02,391 [WARN] PackLoader:240 - Cannot read IP mode file for WES.I-CUBE-Cesium.1.3.0
2026-07-23 13:35:02,395 [WARN] PackLoader:240 - Cannot read IP mode file for STMicroelectronics.X-CUBE-BLE2.3.3.0
2026-07-23 13:35:02,408 [WARN] PackLoader:240 - Cannot read IP mode file for STMicroelectronics.X-CUBE-NFC9.1.0.0
2026-07-23 13:35:02,412 [WARN] PackLoader:240 - Cannot read IP mode file for STMicroelectronics.X-CUBE-BLE1.7.1.0
2026-07-23 13:35:02,414 [WARN] PackLoader:240 - Cannot read IP mode file for wolfSSL.I-CUBE-wolfMQTT.1.19.2
2026-07-23 13:35:02,419 [WARN] PackLoader:240 - Cannot read IP mode file for STMicroelectronics.X-CUBE-EEPRMA1.5.2.0
2026-07-23 13:35:02,430 [WARN] PackLoader:240 - Cannot read IP mode file for STMicroelectronics.FP-SNS-STAIOTCFT.1.1.0
2026-07-23 13:35:02,482 [WARN] PackLoader:240 - Cannot read IP mode file for STMicroelectronics.X-CUBE-MEMS1.12.0.0
2026-07-23 13:35:02,521 [WARN] PackLoader:240 - Cannot read IP mode file for STMicroelectronics.X-CUBE-AZRTOS-G0.1.1.0
2026-07-23 13:35:02,526 [WARN] PackLoader:240 - Cannot read IP mode file for STMicroelectronics.X-CUBE-SAFEA1.1.2.2
2026-07-23 13:35:02,529 [WARN] PackLoader:240 - Cannot read IP mode file for STMicroelectronics.X-CUBE-NFC4.3.0.0
2026-07-23 13:35:02,534 [WARN] PackLoader:240 - Cannot read IP mode file for EmbeddedOffice.I-CUBE-FS-RTOS.1.0.1
2026-07-23 13:35:02,538 [WARN] PackLoader:240 - Cannot read IP mode file for STMicroelectronics.X-CUBE-WB05N.2.0.0
2026-07-23 13:35:02,541 [WARN] PackLoader:240 - Cannot read IP mode file for wolfSSL.I-CUBE-wolfTPM.3.8.0
2026-07-23 13:35:02,545 [WARN] PackLoader:240 - Cannot read IP mode file for STMicroelectronics.X-CUBE-TCPP.4.2.0
2026-07-23 13:35:02,550 [WARN] PackLoader:240 - Cannot read IP mode file for RealThread.X-CUBE-RT-Thread_Nano.4.1.1
2026-07-23 13:35:02,553 [WARN] PackLoader:240 - Cannot read IP mode file for STMicroelectronics.FP-ATR-SIGFOX1.3.2.0
2026-07-23 13:35:02,557 [WARN] PackLoader:240 - Cannot read IP mode file for STMicroelectronics.X-CUBE-EEPRMA1.5.1.0
2026-07-23 13:35:02,561 [WARN] PackLoader:240 - Cannot read IP mode file for STMicroelectronics.X-CUBE-FREERTOS.1.5.0
2026-07-23 13:35:02,564 [WARN] PackLoader:240 - Cannot read IP mode file for wolfSSL.I-CUBE-wolfSSL.5.7.6
2026-07-23 13:35:02,570 [WARN] PackLoader:240 - Cannot read IP mode file for ITTIA_DB.I-CUBE-ITTIADB.8.9.0
2026-07-23 13:35:02,577 [WARN] PackLoader:240 - Cannot read IP mode file for STMicroelectronics.X-CUBE-NFC6.3.2.0
2026-07-23 13:35:02,587 [WARN] PackLoader:240 - Cannot read IP mode file for STMicroelectronics.X-CUBE-ST67W61.1.0.0
2026-07-23 13:35:02,592 [WARN] PackLoader:240 - Cannot read IP mode file for STMicroelectronics.X-CUBE-AI.10.2.1
2026-07-23 13:35:02,595 [WARN] PackLoader:240 - Cannot read IP mode file for STMicroelectronics.X-CUBE-AI.10.2.0
2026-07-23 13:35:02,625 [WARN] PackLoader:240 - Cannot read IP mode file for STMicroelectronics.X-CUBE-MEMS1.12.1.0
2026-07-23 13:35:02,669 [WARN] PackLoader:240 - Cannot read IP mode file for SEGGER.I-CUBE-embOS.1.3.1
2026-07-23 13:35:02,694 [WARN] PackLoader:240 - Cannot read IP mode file for STMicroelectronics.X-CUBE-ALGOBUILD.1.4.0
2026-07-23 13:35:02,698 [INFO] WebApp:463 - Apply proxy settings
2026-07-23 13:35:02,699 [INFO] WebApp:548 - Chromium requires no authentication
2026-07-23 13:35:02,720 [WARN] PackLoader:240 - Cannot read IP mode file for STMicroelectronics.X-CUBE-MEMS1.11.3.0
2026-07-23 13:35:02,739 [INFO] WebApp:491 - Direct internet connection detected
2026-07-23 13:35:02,776 [WARN] PackLoader:240 - Cannot read IP mode file for STMicroelectronics.X-CUBE-NFC13.1.0.0
2026-07-23 13:35:02,780 [WARN] PackLoader:240 - Cannot read IP mode file for STMicroelectronics.X-CUBE-PM33A1.1.0.0
2026-07-23 13:35:02,787 [WARN] PackLoader:240 - Cannot read IP mode file for STMicroelectronics.X-CUBE-AZRTOS-F4.1.1.0
2026-07-23 13:35:02,791 [WARN] PackLoader:240 - Cannot read IP mode file for Avnet-IotConnect.X-CUBE-IoTC-DA16k-PMOD.1.0.0
2026-07-23 13:35:02,793 [WARN] PackLoader:240 - Cannot read IP mode file for STMicroelectronics.X-CUBE-ISPU.2.1.0
2026-07-23 13:35:02,799 [WARN] PackLoader:240 - Cannot read IP mode file for STMicroelectronics.X-CUBE-IPS.3.2.0
2026-07-23 13:35:02,804 [WARN] PackLoader:240 - Cannot read IP mode file for STMicroelectronics.eDS-WB_DPC_TT-BIDIR.2.1.1
2026-07-23 13:35:02,809 [WARN] PackLoader:240 - Cannot read IP mode file for STMicroelectronics.X-CUBE-NFC12.1.0.0
2026-07-23 13:35:02,818 [WARN] PackLoader:240 - Cannot read IP mode file for STMicroelectronics.X-CUBE-AZRTOS-L5.2.0.0
2026-07-23 13:35:02,833 [WARN] PackLoader:240 - Cannot read IP mode file for STMicroelectronics.X-CUBE-NFC6.3.1.0
2026-07-23 13:35:02,841 [WARN] PackLoader:240 - Cannot read IP mode file for STMicroelectronics.X-CUBE-ALGOBUILD.1.5.0
2026-07-23 13:35:02,846 [WARN] PackLoader:240 - Cannot read IP mode file for STMicroelectronics.eDS-WB_DPC_VIENNA.1.2.0
2026-07-23 13:35:02,849 [WARN] PackLoader:240 - Cannot read IP mode file for STMicroelectronics.eDS-WB_DPC_3PH2L-BIDIR.1.1.1
2026-07-23 13:35:02,851 [INFO] WebApp:900 - Register for checkConnection events
2026-07-23 13:35:02,852 [INFO] WebApp:463 - Apply proxy settings
2026-07-23 13:35:02,852 [ERROR] Engine:466 - C:\Users\danny\.stm32cubemx\thirdparties\pdsc\STMicroelectronics.X-CUBE-ST67W61.1.3.0.pdsc: PDSC version is not supported
2026-07-23 13:35:02,852 [INFO] WebApp:548 - Chromium requires no authentication
2026-07-23 13:35:02,852 [INFO] WebApp:491 - Direct internet connection detected
2026-07-23 13:35:02,864 [WARN] PackLoader:240 - Cannot read IP mode file for STMicroelectronics.X-CUBE-FREERTOS.1.3.1
2026-07-23 13:35:02,867 [WARN] PackLoader:240 - Cannot read IP mode file for STMicroelectronics.X-CUBE-FREERTOS.1.3.0
2026-07-23 13:35:02,872 [WARN] PackLoader:240 - Cannot read IP mode file for STMicroelectronics.X-CUBE-NFC7.1.0.1
2026-07-23 13:35:02,879 [WARN] PackLoader:240 - Cannot read IP mode file for STMicroelectronics.X-CUBE-TOUCHGFX.4.26.0
2026-07-23 13:35:02,882 [WARN] PackLoader:240 - Cannot read IP mode file for STMicroelectronics.X-CUBE-TOUCHGFX.4.26.1
2026-07-23 13:35:02,886 [WARN] PackLoader:240 - Cannot read IP mode file for STMicroelectronics.FP-SNS-STAIOTCFT.1.0.0
2026-07-23 13:35:02,890 [WARN] PackLoader:240 - Cannot read IP mode file for STMicroelectronics.X-CUBE-DPower.1.3.0
2026-07-23 13:35:02,897 [WARN] ConditionMgr:438 - getConditionDescription Invalid condition id : LAN8742 Phy interface Condition cause : null
2026-07-23 13:35:02,898 [WARN] PackLoader:240 - Cannot read IP mode file for STMicroelectronics.X-CUBE-AZRTOS-L4.2.0.0
2026-07-23 13:35:02,898 [WARN] ConditionMgr:1044 - genDependencies : Invalid condition id : LAN8742 Phy interface Condition cause : null
2026-07-23 13:35:02,898 [WARN] ConditionMgr:1044 - genDependencies : Invalid condition id : LAN8742 Phy interface Condition cause : null
2026-07-23 13:35:02,899 [WARN] ConditionMgr:1044 - genDependencies : Invalid condition id : LAN8742 Phy interface Condition cause : null
2026-07-23 13:35:02,903 [WARN] PackLoader:240 - Cannot read IP mode file for STMicroelectronics.X-CUBE-SFXS2LP1.4.0.0
2026-07-23 13:35:02,907 [WARN] PackLoader:240 - Cannot read IP mode file for STMicroelectronics.X-CUBE-WB05N.2.1.0
2026-07-23 13:35:02,911 [WARN] PackLoader:240 - Cannot read IP mode file for STMicroelectronics.X-CUBE-ST67W61.1.2.0
2026-07-23 13:35:02,920 [WARN] PackLoader:240 - Cannot read IP mode file for STMicroelectronics.X-CUBE-AZRTOS-H7.3.3.0
2026-07-23 13:35:02,920 [INFO] WebApp:191 - Connection restablished
2026-07-23 13:35:02,927 [WARN] PackLoader:240 - Cannot read IP mode file for STMicroelectronics.X-CUBE-BLEMGR.4.1.0
2026-07-23 13:35:02,935 [WARN] ConditionMgr:438 - getConditionDescription Invalid condition id : UX DEVICE CLASS RTOS Condition cause : null
2026-07-23 13:35:02,935 [WARN] ConditionMgr:438 - getConditionDescription Invalid condition id : UX DEVICE CLASS RTOS Condition cause : null
2026-07-23 13:35:02,936 [WARN] PackLoader:240 - Cannot read IP mode file for STMicroelectronics.X-CUBE-AZRTOS-WB.2.0.0
2026-07-23 13:35:02,937 [WARN] ConditionMgr:1044 - genDependencies : Invalid condition id : UX DEVICE CLASS RTOS Condition cause : null
2026-07-23 13:35:02,937 [WARN] ConditionMgr:1044 - genDependencies : Invalid condition id : UX DEVICE CLASS RTOS Condition cause : null
2026-07-23 13:35:02,937 [WARN] ConditionMgr:1044 - genDependencies : Invalid condition id : UX DEVICE CLASS RTOS Condition cause : null
2026-07-23 13:35:02,937 [WARN] ConditionMgr:1044 - genDependencies : Invalid condition id : UX DEVICE CLASS RTOS Condition cause : null
2026-07-23 13:35:02,937 [WARN] ConditionMgr:1044 - genDependencies : Invalid condition id : UX DEVICE CLASS RTOS Condition cause : null
2026-07-23 13:35:02,941 [WARN] PackLoader:240 - Cannot read IP mode file for STMicroelectronics.X-CUBE-GNSS1.7.0.1
2026-07-23 13:35:02,944 [WARN] PackLoader:240 - Cannot read IP mode file for STMicroelectronics.X-CUBE-TOUCHGFX.4.25.0
2026-07-23 13:35:02,947 [WARN] PackLoader:240 - Cannot read IP mode file for STMicroelectronics.FP-SNS-STBOX1.2.0.0
2026-07-23 13:35:02,954 [WARN] PackLoader:240 - Cannot read IP mode file for STMicroelectronics.X-CUBE-STSE01.2.0.0
2026-07-23 13:35:02,960 [WARN] PackLoader:240 - Cannot read IP mode file for STMicroelectronics.X-CUBE-SUBG2.5.0.0
2026-07-23 13:35:02,969 [WARN] PackLoader:240 - Cannot read IP mode file for STMicroelectronics.X-CUBE-AZRTOS-H7RS.1.1.0
2026-07-23 13:35:02,973 [WARN] PackLoader:240 - Cannot read IP mode file for Cesanta.I-CUBE-Mongoose.7.13.0
2026-07-23 13:35:02,980 [WARN] PackLoader:240 - Cannot read IP mode file for STMicroelectronics.X-CUBE-AZRTOS-G4.2.0.0
2026-07-23 13:35:02,985 [WARN] PackLoader:240 - Cannot read IP mode file for wolfSSL.I-CUBE-wolfSSH.1.4.20
2026-07-23 13:35:02,988 [WARN] PackLoader:240 - Cannot read IP mode file for STMicroelectronics.X-CUBE-NFC7.2.0.0
2026-07-23 13:35:02,993 [WARN] PackLoader:240 - Cannot read IP mode file for STMicroelectronics.X-CUBE-IPS.3.1.0
2026-07-23 13:35:02,997 [ERROR] Engine:466 - C:\Users\danny\.stm32cubemx\thirdparties\pdsc\STMicroelectronics.X-CUBE-BLEMGR.4.2.0.pdsc: PDSC version is not supported
2026-07-23 13:35:03,000 [WARN] PackLoader:240 - Cannot read IP mode file for STMicroelectronics.X-CUBE-ALS.1.0.2
2026-07-23 13:35:03,005 [WARN] PackLoader:240 - Cannot read IP mode file for STMicroelectronics.X-CUBE-STSE01.1.0.0
2026-07-23 13:35:03,010 [WARN] PackLoader:240 - Cannot read IP mode file for portGmbH.I-Cube-SoM-uGOAL.1.1.0
2026-07-23 13:35:03,028 [WARN] PackLoader:240 - Cannot read IP mode file for STMicroelectronics.X-CUBE-TOF1.3.4.2
2026-07-23 13:35:03,036 [WARN] PackLoader:240 - Cannot read IP mode file for STMicroelectronics.X-CUBE-TOF1.3.4.3
2026-07-23 13:35:03,041 [INFO] ThirdParty:978 - Integrity check success = true
2026-07-23 13:35:03,041 [INFO] IntegrityCheckThread:100 - exiting critical section [integrity check]
2026-07-23 13:35:03,041 [INFO] IntegrityCheckThread:103 - End integrity checks thread
2026-07-23 13:35:03,299 [INFO] WebApp:225 - Starting web application
2026-07-23 13:35:03,300 [INFO] WebApp:593 - Web application path used C:\ST\STM32CubeIDE_1.19.0\STM32CubeIDE\plugins\com.st.stm32cube.common.mx_6.15.0.202507011659\db\plugins\mcufinder\reactClient1\index.html
2026-07-23 13:35:03,352 [INFO] UserAuth:487 - Internet connection configuration mode: 1
2026-07-23 13:36:23,126 [INFO] McuFinderGlobals:63 - Set McuFinder mode to 2 (CubeIDE integrated)
2026-07-23 13:36:23,127 [INFO] MainUpdater:2872 - connection check result : 10
2026-07-23 13:36:23,128 [INFO] McuFinderGlobals:76 - Set McuFinderConnectedMode to true
2026-07-23 13:36:23,585 [INFO] ServerAccessManage:452 - Complete download http(s) 200
2026-07-23 13:36:23,587 [INFO] ServerAccessManage:509 - Download File mcusAds.json._tmp_
2026-07-23 13:36:23,698 [INFO] LoadUrlFilesThread:156 - End of LoadUrlFiles Thread
2026-07-23 13:36:23,968 [INFO] ServerAccessManage:452 - Complete download http(s) 200
2026-07-23 13:36:23,969 [INFO] ServerAccessManage:509 - Download File cube-finder-db.zip
2026-07-23 13:36:25,894 [INFO] FileExtend:248 - Unzip File : cube-finder-db.zip
2026-07-23 13:36:25,895 [INFO] FileExtend:263 - Standard Zip Deflate
2026-07-23 13:36:26,422 [INFO] LoadUrlFilesThread:156 - End of LoadUrlFiles Thread
2026-07-23 13:36:47,589 [ERROR] ServerAccessManage:1295 - Problem during Server Connection :  IO error Connection timed out: getsockopt
2026-07-23 13:36:47,590 [ERROR] ServerAccessManage:740 - Problem during Server Connection :  : crdb.zip.
2026-07-23 13:36:50,345 [INFO] LoadUrlFilesThread:156 - End of LoadUrlFiles Thread
2026-07-23 13:36:50,953 [INFO] DbMcusAds:53 - JSON generation date=Wed Jul 15 02:46:00 PDT 2026 (1784108760991)
2026-07-23 13:36:50,968 [ERROR] TargetSelectorAdapter:267 - Unable to refresh data
2026-07-23 13:36:51,171 [INFO] ApiDb:581 - Connected to CubeFinder SQLite database (C:\Users\danny\.stmcufinder\plugins\mcufinder\mcu\cube-finder-db.db)
2026-07-23 13:36:51,224 [INFO] ApiDb:668 - CubeFinder database Data Model version=2.1
2026-07-23 13:36:51,224 [INFO] ApiDb:669 - CubeFinder database Configuration version=3.0.42
2026-07-23 13:36:51,225 [INFO] ApiDb:670 - CubeFinder database generation date=2026-06-23 (1782213372)
2026-07-23 13:36:51,225 [INFO] ApiDb:671 - CubeFinder database FW Pack versions=[FP-ATR-ASTRA1_V2.0.0, FP-SNS-FLIGHT1_V5.1.0, FP-SNS-MOTENV1_V5.1.0, FP-SNS-MOTENVWB1_V1.5.0, FP-SNS-SMARTAG2_V1.2.0, FP-SNS-STBOX1_V2.1.0, STM32Cube_FW_C0_V1.4.0, STM32Cube_FW_F4_V1.28.3, STM32Cube_FW_F7_V1.17.4, STM32Cube_FW_G0_V1.6.3, STM32Cube_FW_G4_V1.6.2, STM32Cube_FW_H5_V1.7.0, STM32Cube_FW_H7RS_V1.3.0, STM32Cube_FW_H7_V1.13.0, STM32Cube_FW_L0_V1.12.2, STM32Cube_FW_L4_V1.18.2, STM32Cube_FW_L5_V1.6.0, STM32Cube_FW_N6_V1.4.0, STM32Cube_FW_U0_V1.3.0, STM32Cube_FW_U3_V1.4.0, STM32Cube_FW_U5_V1.9.0, STM32Cube_FW_WB0_V1.5.0, STM32Cube_FW_WBA_V1.10.0, STM32Cube_FW_WB_V1.24.0, STM32Cube_FW_WL3_V1.5.0, STM32Cube_FW_WL_V1.6.0, X-CUBE-ALGOBUILD_V1.5.0, X-CUBE-ALS_V1.0.2, X-CUBE-AZRTOS-F4_V1.1.0, X-CUBE-AZRTOS-F7_V1.1.0, X-CUBE-AZRTOS-G0_V1.1.0, X-CUBE-AZRTOS-G4_V2.0.0, X-CUBE-AZRTOS-H7RS_V1.1.0, X-CUBE-AZRTOS-H7_V3.5.0, X-CUBE-AZRTOS-L4_V2.0.0, X-CUBE-AZRTOS-L5_V2.0.0, X-CUBE-AZRTOS-WB_V2.0.0, X-CUBE-AZRTOS-WL_V2.0.0, X-CUBE-BLE1_V7.1.0, X-CUBE-BLE2_V3.3.0, X-CUBE-BLEMGR_V4.1.0, X-CUBE-EEPRMA1_V5.2.0, X-CUBE-FREERTOS_V1.5.0, X-CUBE-GNSS1_V7.1.1, X-CUBE-MEMS1_V12.1.0, X-CUBE-NFC4_V3.0.0, X-CUBE-NFC7_V2.0.0, X-CUBE-SFXS2LP1_V4.0.0, X-CUBE-ST67W61_V1.3.0, X-CUBE-SUBG2_V5.0.0, X-CUBE-TOF1_V3.4.3]
2026-07-23 13:36:52,595 [INFO] ApiDb:240 - Found 880 in-development CPN: [B-G473E-ZEST1S, B-WB1M-WPAN1, B-WBA5M-WPAN, B-WL5M-SUBG1, NUCLEO-C031C6, NUCLEO-C051C8, NUCLEO-C071RB, NUCLEO-C092RC, NUCLEO-H503RB, NUCLEO-H533RE, NUCLEO-H563ZI, NUCLEO-H7S3L8, NUCLEO-N657X0-Q, NUCLEO-U031R8, NUCLEO-U083RC, NUCLEO-U385RG-Q, NUCLEO-U545RE-Q, NUCLEO-U5A5ZJ-Q, NUCLEO-WB05KZ, NUCLEO-WB07CC, NUCLEO-WB09KE, NUCLEO-WBA52CG, NUCLEO-WBA55CG, NUCLEO-WL33CC1, NUCLEO-WL33CC2, STEVAL-PROTEUS1, STEVAL-SMARTAG2, STEVAL-STWINBX1, STM320518-EVAL, STM32C0116-DK, STM32C011D6Y3TR, STM32C011D6Y6TR, STM32C011F4P3, STM32C011F4P6, STM32C011F4U3, STM32C011F4U6TR, STM32C011F6P3, STM32C011F6P6, STM32C011F6U3, STM32C011F6U6TR, STM32C011J4M3, STM32C011J4M6, STM32C011J6M3, STM32C011J6M6, STM32C0316-DK, STM32C031C4T3, STM32C031C4T6, STM32C031C4U3, STM32C031C4U6, STM32C031C6T3, STM32C031C6T6, STM32C031C6U3, STM32C031C6U6, STM32C031F4P3, STM32C031F4P6, STM32C031F6P3, STM32C031F6P6, STM32C031G4U3, STM32C031G4U6, STM32C031G6U3, STM32C031G6U6, STM32C031K4T3, STM32C031K4T6, STM32C031K4U3, STM32C031K4U6, STM32C031K6T3, STM32C031K6T6, STM32C031K6U3, STM32C031K6U6, STM32C051C6T6, STM32C051C6U6, STM32C051C8T6, STM32C051C8U6, STM32C051D8Y6TR, STM32C051F6P6, STM32C051F8P6, STM32C051G6U6, STM32C051G8U6, STM32C051K6T6, STM32C051K6U6, STM32C051K8T6, STM32C071C8T6, STM32C071C8T6N, STM32C071C8U6, STM32C071C8U6N, STM32C071CBT6, STM32C071CBT6N, STM32C071CBU6, STM32C071CBU6N, STM32C071F8P6, STM32C071F8P6N, STM32C071FBP6, STM32C071FBP6N, STM32C071FBY6TR, STM32C071G8U6, STM32C071G8U6N, STM32C071GBU6, STM32C071GBU6N, STM32C071K8T6, STM32C071K8T6N, STM32C071K8U6, STM32C071K8U6N, STM32C071KBT6, STM32C071KBT6N, STM32C071KBU6, STM32C071KBU6N, STM32C071R8T6, STM32C071R8T6N, STM32C071RBI6N, STM32C071RBT6, STM32C071RBT6N, STM32C091CBT6, STM32C091CBU6, STM32C091CCT6, STM32C091CCU6, STM32C091ECY6TR, STM32C091FBP6, STM32C091FCP6, STM32C091GBU6, STM32C091GCU6, STM32C091KBT6, STM32C091KBU6, STM32C091KCT6, STM32C091KCU6, STM32C091RBT6, STM32C091RCI6, STM32C091RCT6, STM32C092CBT6, STM32C092CBU6, STM32C092CCT6, STM32C092CCU6, STM32C092ECY6TR, STM32C092FBP6, STM32C092FCP6, STM32C092GBU6, STM32C092GCU6, STM32C092KBT6, STM32C092KBU6, STM32C092KCT6, STM32C092KCU6, STM32C092RBT6, STM32C092RCI6, STM32C092RCT6, STM32G071K8TXN, STM32G071K8UXN, STM32G081GBU6N, STM32G081KBT6N, STM32G081KBUXN, STM32G0B1CCT6N, STM32G0B1KCT6, STM32G0B1NEY6TR, STM32G0B1RCT6N, STM32G0C1CCT6, STM32G0C1CCT6N, STM32G0C1CCU6N, STM32G0C1CET6N, STM32G0C1CEU6N, STM32G0C1KCT6, STM32G0C1NEY6TR, STM32G0C1RCI6N, STM32G0C1RCT6N, STM32G0C1REI6N, STM32G0C1RET6N, STM32G0C1VCI6, STM32G0C1VEI6, STM32G411C6T3, STM32G411C6T6, STM32G411C6U3, STM32G411C6U6, STM32G411C8T3, STM32G411C8T6, STM32G411C8U3, STM32G411C8U6, STM32G411CBT3, STM32G411CBT6, STM32G411CBU3, STM32G411CBU6, STM32G411K6T3, STM32G411K6T6, STM32G411K6U3, STM32G411K6U6, STM32G411K8T3, STM32G411K8T6, STM32G411K8U3, STM32G411K8U6, STM32G411KBT3, STM32G411KBT6, STM32G411KBU3, STM32G411KBU6, STM32G411M6T3, STM32G411M6T6, STM32G411M8T3, STM32G411M8T6, STM32G411MBT3, STM32G411MBT6, STM32G411R6T3, STM32G411R6T6, STM32G411R8T3, STM32G411R8T6, STM32G411RBT3, STM32G411RBT6, STM32G414CBT3, STM32G414CBT6, STM32G414CBU3, STM32G414CBU6, STM32G414CCT3, STM32G414CCT6, STM32G414CCU3, STM32G414CCU6, STM32G414MBT3, STM32G414MBT6, STM32G414MCT3, STM32G414MCT6, STM32G414RBT3, STM32G414RBT6, STM32G414RCT3, STM32G414RCT6, STM32G414VBT3, STM32G414VBT6, STM32G414VCT3, STM32G414VCT6, STM32G431CBT3Z, STM32G431RBT3Z, STM32G471CCT6, STM32G471CCU6, STM32G471CET3, STM32G471CET6, STM32G471CEU3, STM32G471CEU6, STM32G471MCT6, STM32G471MET3, STM32G471MET6, STM32G471MEY6TR, STM32G471QCT6, STM32G471QET3, STM32G471RCT6, STM32G471RET3, STM32G471RET6, STM32G471VCH6, STM32G471VCI6, STM32G471VCT6, STM32G471VEH3, STM32G471VEH6, STM32G471VEI3, STM32G471VEI6, STM32G471VET3, STM32G471VET6, STM32G473QET3Z, STM32G473RET3Z, STM32G474CCT6, STM32G491RET3Z, STM32H503CBT6, STM32H503CBU6, STM32H503EBY6TR, STM32H503KBU6, STM32H503RBT6, STM32H523CCT6, STM32H523CCU6, STM32H523CET6, STM32H523CEU6, STM32H523HEY6TR, STM32H523RCT6, STM32H523RET6, STM32H523VCI6, STM32H523VCT6, STM32H523VEI6, STM32H523VET6, STM32H523ZCJ6, STM32H523ZCT6, STM32H523ZEJ6, STM32H523ZET6, STM32H533CET6, STM32H533CEU6, STM32H533HEY6TR, STM32H533RET6, STM32H533VEI6, STM32H533VET6, STM32H533ZEJ6, STM32H533ZET6, STM32H562AGI6, STM32H562AII6, STM32H562IGK6, STM32H562IGT6, STM32H562IIK6, STM32H562IIT6, STM32H562RGT6, STM32H562RGV6, STM32H562RIT6, STM32H562RIV6, STM32H562VGT6, STM32H562VIT6, STM32H562ZGT6, STM32H562ZIT6, STM32H563AGI6, STM32H563AII3Q, STM32H563AII6, STM32H563IGK6, STM32H563IGT6, STM32H563IIK3Q, STM32H563IIK6, STM32H563IIT3Q, STM32H563IIT6, STM32H563MIY3QTR, STM32H563RGT6, STM32H563RGV6, STM32H563RIT6, STM32H563RIV6, STM32H563VGT6, STM32H563VIT3Q, STM32H563VIT6, STM32H563ZGT6, STM32H563ZIT3Q, STM32H563ZIT6, STM32H573AII3Q, STM32H573AII6, STM32H573I-DK, STM32H573IIK3Q, STM32H573IIK6, STM32H573IIT3Q, STM32H573IIT6, STM32H573MIY3QTR, STM32H573RIT6, STM32H573RIV6, STM32H573VIT3Q, STM32H573VIT6, STM32H573ZIT3Q, STM32H573ZIT6, STM32H7R3A8I6, STM32H7R3I8K6, STM32H7R3I8T6, STM32H7R3L8H6, STM32H7R3L8H6H, STM32H7R3R8V6, STM32H7R3V8H6, STM32H7R3V8T6, STM32H7R3V8Y6TR, STM32H7R3Z8J6, STM32H7R3Z8T6, STM32H7R7A8I6, STM32H7R7I8K6, STM32H7R7I8T6, STM32H7R7L8H6, STM32H7R7L8H6H, STM32H7R7Z8J6, STM32H7S3A8I6, STM32H7S3I8K6, STM32H7S3I8T6, STM32H7S3L8H6, STM32H7S3L8H6H, STM32H7S3R8V6, STM32H7S3V8H6, STM32H7S3V8T6, STM32H7S3V8Y6TR, STM32H7S3Z8J6, STM32H7S3Z8T6, STM32H7S78-DK, STM32H7S7A8I6, STM32H7S7I8K6, STM32H7S7I8T6, STM32H7S7L8H6, STM32H7S7L8H6H, STM32H7S7Z8J6, STM32L4R5QGI6STR, STM32MP131AAE3, STM32MP131AAF3, STM32MP131AAG3, STM32MP131CAE3, STM32MP131CAF3, STM32MP131CAG3, STM32MP131DAE7, STM32MP131DAF7, STM32MP131DAG7, STM32MP131FAE7, STM32MP131FAF7, STM32MP131FAG7, STM32MP133AAE3, STM32MP133AAF3, STM32MP133AAG3, STM32MP133CAE3, STM32MP133CAF3, STM32MP133CAG3, STM32MP133DAE7, STM32MP133DAF7, STM32MP133DAG7, STM32MP133FAE7, STM32MP133FAF7, STM32MP133FAG7, STM32MP135AAE3, STM32MP135AAF3, STM32MP135AAG3, STM32MP135CAE3, STM32MP135CAF3, STM32MP135CAG3, STM32MP135DAE7, STM32MP135DAF7, STM32MP135DAG7, STM32MP135F-DK, STM32MP135FAE7, STM32MP135FAF7, STM32MP135FAF7T, STM32MP135FAF7U, STM32MP135FAG7, STM32MP211AAL3, STM32MP211AAM3, STM32MP211AAN3, STM32MP211AAO3, STM32MP211CAL3, STM32MP211CAM3, STM32MP211CAN3, STM32MP211CAO3, STM32MP211DAL3, STM32MP211DAM3, STM32MP211DAN3, STM32MP211DAO3, STM32MP211FAL3, STM32MP211FAM3, STM32MP211FAN3, STM32MP211FAO3, STM32MP213AAL3, STM32MP213AAM3, STM32MP213AAN3, STM32MP213AAO3, STM32MP213CAL3, STM32MP213CAM3, STM32MP213CAN3, STM32MP213CAO3, STM32MP213DAL3, STM32MP213DAM3, STM32MP213DAN3, STM32MP213DAO3, STM32MP213FAL3, STM32MP213FAM3, STM32MP213FAN3, STM32MP213FAO3, STM32MP215AAL3, STM32MP215AAM3, STM32MP215AAN3, STM32MP215AAO3, STM32MP215CAL3, STM32MP215CAM3, STM32MP215CAN3, STM32MP215CAO3, STM32MP215DAL3, STM32MP215DAM3, STM32MP215DAN3, STM32MP215DAO3, STM32MP215F-DK, STM32MP215FAL3, STM32MP215FAM3, STM32MP215FAN3, STM32MP215FAO3, STM32MP231AAJ3, STM32MP231AAK3, STM32MP231AAL3, STM32MP231CAJ3, STM32MP231CAK3, STM32MP231CAL3, STM32MP231DAJ3, STM32MP231DAK3, STM32MP231DAL3, STM32MP231FAJ3, STM32MP231FAK3, STM32MP231FAL3, STM32MP233AAJ3, STM32MP233AAK3, STM32MP233AAL3, STM32MP233CAJ3, STM32MP233CAK3, STM32MP233CAL3, STM32MP233DAJ3, STM32MP233DAK3, STM32MP233DAL3, STM32MP233FAJ3, STM32MP233FAK3, STM32MP233FAL3, STM32MP235AAJ3, STM32MP235AAK3, STM32MP235AAL3, STM32MP235CAJ3, STM32MP235CAK3, STM32MP235CAL3, STM32MP235DAJ3, STM32MP235DAK3, STM32MP235DAL3, STM32MP235FAJ3, STM32MP235FAK3, STM32MP235FAL3, STM32MP251AAI3, STM32MP251AAK3, STM32MP251AAL3, STM32MP251CAI3, STM32MP251CAK3, STM32MP251CAL3, STM32MP251DAI3, STM32MP251DAK3, STM32MP251DAL3, STM32MP251FAI3, STM32MP251FAK3, STM32MP251FAL3, STM32MP253AAI3, STM32MP253AAK3, STM32MP253AAL3, STM32MP253CAI3, STM32MP253CAK3, STM32MP253CAL3, STM32MP253DAI3, STM32MP253DAK3, STM32MP253DAL3, STM32MP253FAI3, STM32MP253FAK3, STM32MP253FAL3, STM32MP255AAI3, STM32MP255AAK3, STM32MP255AAL3, STM32MP255CAI3, STM32MP255CAK3, STM32MP255CAL3, STM32MP255DAI3, STM32MP255DAK3, STM32MP255DAL3, STM32MP255FAI3, STM32MP255FAK3, STM32MP255FAL3, STM32MP257AAI3, STM32MP257AAK3, STM32MP257AAL3, STM32MP257CAI3, STM32MP257CAK3, STM32MP257CAL3, STM32MP257DAI3, STM32MP257DAK3, STM32MP257DAL3, STM32MP257F-DK, STM32MP257F-EV1, STM32MP257FAI3, STM32MP257FAK3, STM32MP257FAL3, STM32N645A0H3Q, STM32N645B0H3Q, STM32N645I0H3Q, STM32N645L0H3Q, STM32N645X0H3Q, STM32N645Z0H3Q, STM32N647A0H3Q, STM32N647B0H3Q, STM32N647I0H3Q, STM32N647L0H3Q, STM32N647X0H3Q, STM32N647Z0H3Q, STM32N655A0H3Q, STM32N655B0H3Q, STM32N655I0H3Q, STM32N655L0H3Q, STM32N655X0H3Q, STM32N655Z0H3Q, STM32N6570-DK, STM32N657A0H3Q, STM32N657B0H3Q, STM32N657I0H3Q, STM32N657L0H3Q, STM32N657X0H3Q, STM32N657Z0H3Q, STM32U031C6T6, STM32U031C6U6, STM32U031C8T6, STM32U031C8U6, STM32U031F4P6, STM32U031F6P6, STM32U031F8P6, STM32U031G6Y6TR, STM32U031G8Y6TR, STM32U031K4U6, STM32U031K6U6, STM32U031K8U6, STM32U031R6I6, STM32U031R6T6, STM32U031R8I6, STM32U031R8T6, STM32U073C8T6, STM32U073C8U6, STM32U073CBT6, STM32U073CBU6, STM32U073CCT6, STM32U073CCU6, STM32U073H8Y6TR, STM32U073HBY6TR, STM32U073HCY6TR, STM32U073K8U6, STM32U073KBU6, STM32U073KCU6, STM32U073M8I6, STM32U073M8T6, STM32U073MBI6, STM32U073MBT6, STM32U073MCI6, STM32U073MCT6, STM32U073R8I6, STM32U073R8T6, STM32U073RBI6, STM32U073RBT6, STM32U073RCI6, STM32U073RCT6, STM32U083C-DK, STM32U083CCT6, STM32U083CCU6, STM32U083HCY6TR, STM32U083KCU6, STM32U083MCI6, STM32U083MCT6, STM32U083RCI6, STM32U083RCT6, STM32U375CET6, STM32U375CET6Q, STM32U375CEU6, STM32U375CEU6Q, STM32U375CEY6QTR, STM32U375CGT6, STM32U375CGT6Q, STM32U375CGU6, STM32U375CGU6Q, STM32U375CGY6QTR, STM32U375KEU6, STM32U375KGU6, STM32U375REI6, STM32U375REI6Q, STM32U375RET6, STM32U375RET6Q, STM32U375REY6GTR, STM32U375REY6QTR, STM32U375RGI6, STM32U375RGI6Q, STM32U375RGT6, STM32U375RGT6Q, STM32U375RGY6GTR, STM32U375RGY6QTR, STM32U375VEI6, STM32U375VEI6Q, STM32U375VET6, STM32U375VET6Q, STM32U375VGI6, STM32U375VGI6Q, STM32U375VGT6, STM32U375VGT6Q, STM32U385CGT6, STM32U385CGT6Q, STM32U385CGU6, STM32U385CGU6Q, STM32U385CGY6QTR, STM32U385KGU6, STM32U385RGI6, STM32U385RGI6Q, STM32U385RGT6, STM32U385RGT6Q, STM32U385RGY6GTR, STM32U385RGY6QTR, STM32U385VGI6, STM32U385VGI6Q, STM32U385VGT6, STM32U385VGT6Q, STM32U535CBT6, STM32U535CBT6Q, STM32U535CBU6, STM32U535CBU6Q, STM32U535CCT6, STM32U535CCT6Q, STM32U535CCU6, STM32U535CCU6Q, STM32U535CET6, STM32U535CET6Q, STM32U535CEU6, STM32U535CEU6Q, STM32U535JEY6QTR, STM32U535NCY6QTR, STM32U535NEY6QTR, STM32U535RBI6, STM32U535RBI6Q, STM32U535RBT6, STM32U535RBT6Q, STM32U535RCI6, STM32U535RCI6Q, STM32U535RCT6, STM32U535RCT6Q, STM32U535REI6, STM32U535REI6Q, STM32U535RET6, STM32U535RET6Q, STM32U535VCI6, STM32U535VCI6Q, STM32U535VCT6, STM32U535VCT6Q, STM32U535VEI6, STM32U535VEI6Q, STM32U535VET6, STM32U535VET6Q, STM32U545CET6, STM32U545CET6Q, STM32U545CEU6, STM32U545CEU6Q, STM32U545JEY6QTR, STM32U545NEY6QTR, STM32U545REI6, STM32U545REI6Q, STM32U545RET6, STM32U545RET6Q, STM32U545VEI6, STM32U545VEI6Q, STM32U545VET6, STM32U545VET6Q, STM32U595AIH6, STM32U595AIH6Q, STM32U595AJH6, STM32U595AJH6Q, STM32U595QII6, STM32U595QII6Q, STM32U595QJI6, STM32U595QJI6Q, STM32U595RIT6, STM32U595RIT6Q, STM32U595RJT6, STM32U595RJT6Q, STM32U595VIT6, STM32U595VIT6Q, STM32U595VJT6, STM32U595VJT6Q, STM32U595ZIT6, STM32U595ZIT6Q, STM32U595ZIY6QTR, STM32U595ZJT6, STM32U595ZJT6Q, STM32U595ZJY6QTR, STM32U599BJY6QTR, STM32U599NIH6Q, STM32U599NJH6Q, STM32U599VIT6Q, STM32U599VJT6, STM32U599VJT6Q, STM32U599ZIT6Q, STM32U599ZIY6QTR, STM32U599ZJT6Q, STM32U599ZJY6QTR, STM32U5A5AJH6, STM32U5A5AJH6Q, STM32U5A5QII3Q , STM32U5A5QJI6, STM32U5A5QJI6Q, STM32U5A5RJT6, STM32U5A5RJT6Q, STM32U5A5VJT6, STM32U5A5VJT6Q, STM32U5A5ZJT6, STM32U5A5ZJT6Q, STM32U5A5ZJY6QTR, STM32U5A9BJY6QTR, STM32U5A9J-DK, STM32U5A9NJH6Q, STM32U5A9VJT6Q, STM32U5A9ZJT6Q, STM32U5A9ZJY6QTR, STM32U5F7VIT6, STM32U5F7VIT6Q, STM32U5F7VJT6, STM32U5F7VJT6Q, STM32U5F9BJY6QTR, STM32U5F9NJH6Q, STM32U5F9VIT6Q, STM32U5F9VJT6Q, STM32U5F9ZIJ6QTR, STM32U5F9ZIT6Q, STM32U5F9ZJJ6QTR, STM32U5F9ZJT6Q, STM32U5G7VJT6, STM32U5G7VJT6Q, STM32U5G9BJY6QTR, STM32U5G9J-DK1, STM32U5G9J-DK2, STM32U5G9NJH6Q, STM32U5G9VJT6Q, STM32U5G9ZJJ6QTR, STM32U5G9ZJT6Q, STM32WB05KZV6TR, STM32WB05KZV7TR, STM32WB05TZF6TR, STM32WB05TZF7TR, STM32WB06CCF6TR, STM32WB06CCF7TR, STM32WB06CCV6TR, STM32WB06CCV7TR, STM32WB06KCV6TR, STM32WB06KCV7TR, STM32WB07CCF6TR, STM32WB07CCF7TR, STM32WB07CCV6TR, STM32WB07CCV7TR, STM32WB07KCV6TR, STM32WB07KCV7TR, STM32WB09KEV6TR, STM32WB09KEV7TR, STM32WB09TEF6TR, STM32WB09TEF7TR, STM32WB1MMCH6, STM32WBA50KGU6, STM32WBA50KGU6TR, STM32WBA52CEU6, STM32WBA52CEU6TR, STM32WBA52CEU7, STM32WBA52CEU7TR, STM32WBA52CGU6, STM32WBA52CGU6TR, STM32WBA52CGU6U, STM32WBA52CGU7, STM32WBA52CGU7TR, STM32WBA52KEU6, STM32WBA52KEU6TR, STM32WBA52KGU6, STM32WBA52KGU6TR, STM32WBA54CEU6, STM32WBA54CEU6TR, STM32WBA54CEU7, STM32WBA54CEU7TR, STM32WBA54CGU6, STM32WBA54CGU6TR, STM32WBA54CGU7, STM32WBA54CGU7TR, STM32WBA54KEU6, STM32WBA54KEU6TR, STM32WBA54KEU7, STM32WBA54KEU7TR, STM32WBA54KGU6, STM32WBA54KGU6TR, STM32WBA54KGU7, STM32WBA54KGU7TR, STM32WBA55CEU6, STM32WBA55CEU6TR, STM32WBA55CEU7, STM32WBA55CEU7TR, STM32WBA55CGU6, STM32WBA55CGU6TR, STM32WBA55CGU6U, STM32WBA55CGU7, STM32WBA55CGU7TR, STM32WBA55G-DK1, STM32WBA55HEF6, STM32WBA55HEF7, STM32WBA55HGF6, STM32WBA55HGF7, STM32WBA55UEI6, STM32WBA55UEI6TR, STM32WBA55UEI7, STM32WBA55UEI7TR, STM32WBA55UGI6, STM32WBA55UGI6TR, STM32WBA55UGI7, STM32WBA55UGI7TR, STM32WBA5MMGH6TR, STM32WBA62MGF6, STM32WBA62MIF6, STM32WBA65MGF7, STM32WBA65MIF6, STM32WBA65MIF7, STM32WL30K8V6, STM32WL30KBV6, STM32WL31C8V6, STM32WL31CBV6, STM32WL31K8V6, STM32WL31KBV6, STM32WL33C8V6, STM32WL33C8V6X, STM32WL33CBV6, STM32WL33CBV6X, STM32WL33CCV6, STM32WL33CCV6A, STM32WL33CCV6X, STM32WL33K8V7, STM32WL33K8V7X, STM32WL33KBV7 , STM32WL33KBV7X, STM32WL33KCV7, STM32WL33KCV7X, STM32WL5MOCH6, STM32WL5MOCH6TR]
2026-07-23 13:36:52,601 [INFO] DbMcus:218 - Found 5250 MCUs, 5097 are supported
2026-07-23 13:36:52,601 [INFO] ApiDb:423 - Load user favorites file C:\Users\danny/.stm32cubeide/favorites.mcus.txt: 3 item(s)
2026-07-23 13:36:52,601 [INFO] ApiDb:427 - User favorites MCUs=[STM32F407IGH6TR, STM32F411CEU6, STM32F411RET6]
2026-07-23 13:36:52,602 [INFO] DbMcus:224 - Set 3 / 3 favorites MCUs
2026-07-23 13:36:52,875 [INFO] ApiDb:668 - CubeFinder database Data Model version=2.1
2026-07-23 13:36:52,875 [INFO] ApiDb:669 - CubeFinder database Configuration version=3.0.42
2026-07-23 13:36:52,875 [INFO] ApiDb:670 - CubeFinder database generation date=2026-06-23 (1782213372)
2026-07-23 13:36:52,875 [INFO] ApiDb:671 - CubeFinder database FW Pack versions=[FP-ATR-ASTRA1_V2.0.0, FP-SNS-FLIGHT1_V5.1.0, FP-SNS-MOTENV1_V5.1.0, FP-SNS-MOTENVWB1_V1.5.0, FP-SNS-SMARTAG2_V1.2.0, FP-SNS-STBOX1_V2.1.0, STM32Cube_FW_C0_V1.4.0, STM32Cube_FW_F4_V1.28.3, STM32Cube_FW_F7_V1.17.4, STM32Cube_FW_G0_V1.6.3, STM32Cube_FW_G4_V1.6.2, STM32Cube_FW_H5_V1.7.0, STM32Cube_FW_H7RS_V1.3.0, STM32Cube_FW_H7_V1.13.0, STM32Cube_FW_L0_V1.12.2, STM32Cube_FW_L4_V1.18.2, STM32Cube_FW_L5_V1.6.0, STM32Cube_FW_N6_V1.4.0, STM32Cube_FW_U0_V1.3.0, STM32Cube_FW_U3_V1.4.0, STM32Cube_FW_U5_V1.9.0, STM32Cube_FW_WB0_V1.5.0, STM32Cube_FW_WBA_V1.10.0, STM32Cube_FW_WB_V1.24.0, STM32Cube_FW_WL3_V1.5.0, STM32Cube_FW_WL_V1.6.0, X-CUBE-ALGOBUILD_V1.5.0, X-CUBE-ALS_V1.0.2, X-CUBE-AZRTOS-F4_V1.1.0, X-CUBE-AZRTOS-F7_V1.1.0, X-CUBE-AZRTOS-G0_V1.1.0, X-CUBE-AZRTOS-G4_V2.0.0, X-CUBE-AZRTOS-H7RS_V1.1.0, X-CUBE-AZRTOS-H7_V3.5.0, X-CUBE-AZRTOS-L4_V2.0.0, X-CUBE-AZRTOS-L5_V2.0.0, X-CUBE-AZRTOS-WB_V2.0.0, X-CUBE-AZRTOS-WL_V2.0.0, X-CUBE-BLE1_V7.1.0, X-CUBE-BLE2_V3.3.0, X-CUBE-BLEMGR_V4.1.0, X-CUBE-EEPRMA1_V5.2.0, X-CUBE-FREERTOS_V1.5.0, X-CUBE-GNSS1_V7.1.1, X-CUBE-MEMS1_V12.1.0, X-CUBE-NFC4_V3.0.0, X-CUBE-NFC7_V2.0.0, X-CUBE-SFXS2LP1_V4.0.0, X-CUBE-ST67W61_V1.3.0, X-CUBE-SUBG2_V5.0.0, X-CUBE-TOF1_V3.4.3]
2026-07-23 13:36:52,905 [INFO] DbBoardsSqlite:226 - include board P-NUCLEO-WB55-NUCLEO as a kit item of type 'Nucleo-64'
2026-07-23 13:36:52,906 [INFO] DbBoardsSqlite:226 - include board P-NUCLEO-WB55-USBDONGLE as a kit item of type 'Nucleo USB Dongle'
2026-07-23 13:36:52,906 [INFO] DbBoardsSqlite:226 - include board STEVAL-IDP005V1 as a kit item of type 'Evaluation Board'
2026-07-23 13:36:52,906 [INFO] DbBoardsSqlite:226 - include board STEVAL-IDP005V2 as a kit item of type 'Evaluation Board'
2026-07-23 13:36:52,950 [INFO] ApiDb:240 - Found 880 in-development CPN: [B-G473E-ZEST1S, B-WB1M-WPAN1, B-WBA5M-WPAN, B-WL5M-SUBG1, NUCLEO-C031C6, NUCLEO-C051C8, NUCLEO-C071RB, NUCLEO-C092RC, NUCLEO-H503RB, NUCLEO-H533RE, NUCLEO-H563ZI, NUCLEO-H7S3L8, NUCLEO-N657X0-Q, NUCLEO-U031R8, NUCLEO-U083RC, NUCLEO-U385RG-Q, NUCLEO-U545RE-Q, NUCLEO-U5A5ZJ-Q, NUCLEO-WB05KZ, NUCLEO-WB07CC, NUCLEO-WB09KE, NUCLEO-WBA52CG, NUCLEO-WBA55CG, NUCLEO-WL33CC1, NUCLEO-WL33CC2, STEVAL-PROTEUS1, STEVAL-SMARTAG2, STEVAL-STWINBX1, STM320518-EVAL, STM32C0116-DK, STM32C011D6Y3TR, STM32C011D6Y6TR, STM32C011F4P3, STM32C011F4P6, STM32C011F4U3, STM32C011F4U6TR, STM32C011F6P3, STM32C011F6P6, STM32C011F6U3, STM32C011F6U6TR, STM32C011J4M3, STM32C011J4M6, STM32C011J6M3, STM32C011J6M6, STM32C0316-DK, STM32C031C4T3, STM32C031C4T6, STM32C031C4U3, STM32C031C4U6, STM32C031C6T3, STM32C031C6T6, STM32C031C6U3, STM32C031C6U6, STM32C031F4P3, STM32C031F4P6, STM32C031F6P3, STM32C031F6P6, STM32C031G4U3, STM32C031G4U6, STM32C031G6U3, STM32C031G6U6, STM32C031K4T3, STM32C031K4T6, STM32C031K4U3, STM32C031K4U6, STM32C031K6T3, STM32C031K6T6, STM32C031K6U3, STM32C031K6U6, STM32C051C6T6, STM32C051C6U6, STM32C051C8T6, STM32C051C8U6, STM32C051D8Y6TR, STM32C051F6P6, STM32C051F8P6, STM32C051G6U6, STM32C051G8U6, STM32C051K6T6, STM32C051K6U6, STM32C051K8T6, STM32C071C8T6, STM32C071C8T6N, STM32C071C8U6, STM32C071C8U6N, STM32C071CBT6, STM32C071CBT6N, STM32C071CBU6, STM32C071CBU6N, STM32C071F8P6, STM32C071F8P6N, STM32C071FBP6, STM32C071FBP6N, STM32C071FBY6TR, STM32C071G8U6, STM32C071G8U6N, STM32C071GBU6, STM32C071GBU6N, STM32C071K8T6, STM32C071K8T6N, STM32C071K8U6, STM32C071K8U6N, STM32C071KBT6, STM32C071KBT6N, STM32C071KBU6, STM32C071KBU6N, STM32C071R8T6, STM32C071R8T6N, STM32C071RBI6N, STM32C071RBT6, STM32C071RBT6N, STM32C091CBT6, STM32C091CBU6, STM32C091CCT6, STM32C091CCU6, STM32C091ECY6TR, STM32C091FBP6, STM32C091FCP6, STM32C091GBU6, STM32C091GCU6, STM32C091KBT6, STM32C091KBU6, STM32C091KCT6, STM32C091KCU6, STM32C091RBT6, STM32C091RCI6, STM32C091RCT6, STM32C092CBT6, STM32C092CBU6, STM32C092CCT6, STM32C092CCU6, STM32C092ECY6TR, STM32C092FBP6, STM32C092FCP6, STM32C092GBU6, STM32C092GCU6, STM32C092KBT6, STM32C092KBU6, STM32C092KCT6, STM32C092KCU6, STM32C092RBT6, STM32C092RCI6, STM32C092RCT6, STM32G071K8TXN, STM32G071K8UXN, STM32G081GBU6N, STM32G081KBT6N, STM32G081KBUXN, STM32G0B1CCT6N, STM32G0B1KCT6, STM32G0B1NEY6TR, STM32G0B1RCT6N, STM32G0C1CCT6, STM32G0C1CCT6N, STM32G0C1CCU6N, STM32G0C1CET6N, STM32G0C1CEU6N, STM32G0C1KCT6, STM32G0C1NEY6TR, STM32G0C1RCI6N, STM32G0C1RCT6N, STM32G0C1REI6N, STM32G0C1RET6N, STM32G0C1VCI6, STM32G0C1VEI6, STM32G411C6T3, STM32G411C6T6, STM32G411C6U3, STM32G411C6U6, STM32G411C8T3, STM32G411C8T6, STM32G411C8U3, STM32G411C8U6, STM32G411CBT3, STM32G411CBT6, STM32G411CBU3, STM32G411CBU6, STM32G411K6T3, STM32G411K6T6, STM32G411K6U3, STM32G411K6U6, STM32G411K8T3, STM32G411K8T6, STM32G411K8U3, STM32G411K8U6, STM32G411KBT3, STM32G411KBT6, STM32G411KBU3, STM32G411KBU6, STM32G411M6T3, STM32G411M6T6, STM32G411M8T3, STM32G411M8T6, STM32G411MBT3, STM32G411MBT6, STM32G411R6T3, STM32G411R6T6, STM32G411R8T3, STM32G411R8T6, STM32G411RBT3, STM32G411RBT6, STM32G414CBT3, STM32G414CBT6, STM32G414CBU3, STM32G414CBU6, STM32G414CCT3, STM32G414CCT6, STM32G414CCU3, STM32G414CCU6, STM32G414MBT3, STM32G414MBT6, STM32G414MCT3, STM32G414MCT6, STM32G414RBT3, STM32G414RBT6, STM32G414RCT3, STM32G414RCT6, STM32G414VBT3, STM32G414VBT6, STM32G414VCT3, STM32G414VCT6, STM32G431CBT3Z, STM32G431RBT3Z, STM32G471CCT6, STM32G471CCU6, STM32G471CET3, STM32G471CET6, STM32G471CEU3, STM32G471CEU6, STM32G471MCT6, STM32G471MET3, STM32G471MET6, STM32G471MEY6TR, STM32G471QCT6, STM32G471QET3, STM32G471RCT6, STM32G471RET3, STM32G471RET6, STM32G471VCH6, STM32G471VCI6, STM32G471VCT6, STM32G471VEH3, STM32G471VEH6, STM32G471VEI3, STM32G471VEI6, STM32G471VET3, STM32G471VET6, STM32G473QET3Z, STM32G473RET3Z, STM32G474CCT6, STM32G491RET3Z, STM32H503CBT6, STM32H503CBU6, STM32H503EBY6TR, STM32H503KBU6, STM32H503RBT6, STM32H523CCT6, STM32H523CCU6, STM32H523CET6, STM32H523CEU6, STM32H523HEY6TR, STM32H523RCT6, STM32H523RET6, STM32H523VCI6, STM32H523VCT6, STM32H523VEI6, STM32H523VET6, STM32H523ZCJ6, STM32H523ZCT6, STM32H523ZEJ6, STM32H523ZET6, STM32H533CET6, STM32H533CEU6, STM32H533HEY6TR, STM32H533RET6, STM32H533VEI6, STM32H533VET6, STM32H533ZEJ6, STM32H533ZET6, STM32H562AGI6, STM32H562AII6, STM32H562IGK6, STM32H562IGT6, STM32H562IIK6, STM32H562IIT6, STM32H562RGT6, STM32H562RGV6, STM32H562RIT6, STM32H562RIV6, STM32H562VGT6, STM32H562VIT6, STM32H562ZGT6, STM32H562ZIT6, STM32H563AGI6, STM32H563AII3Q, STM32H563AII6, STM32H563IGK6, STM32H563IGT6, STM32H563IIK3Q, STM32H563IIK6, STM32H563IIT3Q, STM32H563IIT6, STM32H563MIY3QTR, STM32H563RGT6, STM32H563RGV6, STM32H563RIT6, STM32H563RIV6, STM32H563VGT6, STM32H563VIT3Q, STM32H563VIT6, STM32H563ZGT6, STM32H563ZIT3Q, STM32H563ZIT6, STM32H573AII3Q, STM32H573AII6, STM32H573I-DK, STM32H573IIK3Q, STM32H573IIK6, STM32H573IIT3Q, STM32H573IIT6, STM32H573MIY3QTR, STM32H573RIT6, STM32H573RIV6, STM32H573VIT3Q, STM32H573VIT6, STM32H573ZIT3Q, STM32H573ZIT6, STM32H7R3A8I6, STM32H7R3I8K6, STM32H7R3I8T6, STM32H7R3L8H6, STM32H7R3L8H6H, STM32H7R3R8V6, STM32H7R3V8H6, STM32H7R3V8T6, STM32H7R3V8Y6TR, STM32H7R3Z8J6, STM32H7R3Z8T6, STM32H7R7A8I6, STM32H7R7I8K6, STM32H7R7I8T6, STM32H7R7L8H6, STM32H7R7L8H6H, STM32H7R7Z8J6, STM32H7S3A8I6, STM32H7S3I8K6, STM32H7S3I8T6, STM32H7S3L8H6, STM32H7S3L8H6H, STM32H7S3R8V6, STM32H7S3V8H6, STM32H7S3V8T6, STM32H7S3V8Y6TR, STM32H7S3Z8J6, STM32H7S3Z8T6, STM32H7S78-DK, STM32H7S7A8I6, STM32H7S7I8K6, STM32H7S7I8T6, STM32H7S7L8H6, STM32H7S7L8H6H, STM32H7S7Z8J6, STM32L4R5QGI6STR, STM32MP131AAE3, STM32MP131AAF3, STM32MP131AAG3, STM32MP131CAE3, STM32MP131CAF3, STM32MP131CAG3, STM32MP131DAE7, STM32MP131DAF7, STM32MP131DAG7, STM32MP131FAE7, STM32MP131FAF7, STM32MP131FAG7, STM32MP133AAE3, STM32MP133AAF3, STM32MP133AAG3, STM32MP133CAE3, STM32MP133CAF3, STM32MP133CAG3, STM32MP133DAE7, STM32MP133DAF7, STM32MP133DAG7, STM32MP133FAE7, STM32MP133FAF7, STM32MP133FAG7, STM32MP135AAE3, STM32MP135AAF3, STM32MP135AAG3, STM32MP135CAE3, STM32MP135CAF3, STM32MP135CAG3, STM32MP135DAE7, STM32MP135DAF7, STM32MP135DAG7, STM32MP135F-DK, STM32MP135FAE7, STM32MP135FAF7, STM32MP135FAF7T, STM32MP135FAF7U, STM32MP135FAG7, STM32MP211AAL3, STM32MP211AAM3, STM32MP211AAN3, STM32MP211AAO3, STM32MP211CAL3, STM32MP211CAM3, STM32MP211CAN3, STM32MP211CAO3, STM32MP211DAL3, STM32MP211DAM3, STM32MP211DAN3, STM32MP211DAO3, STM32MP211FAL3, STM32MP211FAM3, STM32MP211FAN3, STM32MP211FAO3, STM32MP213AAL3, STM32MP213AAM3, STM32MP213AAN3, STM32MP213AAO3, STM32MP213CAL3, STM32MP213CAM3, STM32MP213CAN3, STM32MP213CAO3, STM32MP213DAL3, STM32MP213DAM3, STM32MP213DAN3, STM32MP213DAO3, STM32MP213FAL3, STM32MP213FAM3, STM32MP213FAN3, STM32MP213FAO3, STM32MP215AAL3, STM32MP215AAM3, STM32MP215AAN3, STM32MP215AAO3, STM32MP215CAL3, STM32MP215CAM3, STM32MP215CAN3, STM32MP215CAO3, STM32MP215DAL3, STM32MP215DAM3, STM32MP215DAN3, STM32MP215DAO3, STM32MP215F-DK, STM32MP215FAL3, STM32MP215FAM3, STM32MP215FAN3, STM32MP215FAO3, STM32MP231AAJ3, STM32MP231AAK3, STM32MP231AAL3, STM32MP231CAJ3, STM32MP231CAK3, STM32MP231CAL3, STM32MP231DAJ3, STM32MP231DAK3, STM32MP231DAL3, STM32MP231FAJ3, STM32MP231FAK3, STM32MP231FAL3, STM32MP233AAJ3, STM32MP233AAK3, STM32MP233AAL3, STM32MP233CAJ3, STM32MP233CAK3, STM32MP233CAL3, STM32MP233DAJ3, STM32MP233DAK3, STM32MP233DAL3, STM32MP233FAJ3, STM32MP233FAK3, STM32MP233FAL3, STM32MP235AAJ3, STM32MP235AAK3, STM32MP235AAL3, STM32MP235CAJ3, STM32MP235CAK3, STM32MP235CAL3, STM32MP235DAJ3, STM32MP235DAK3, STM32MP235DAL3, STM32MP235FAJ3, STM32MP235FAK3, STM32MP235FAL3, STM32MP251AAI3, STM32MP251AAK3, STM32MP251AAL3, STM32MP251CAI3, STM32MP251CAK3, STM32MP251CAL3, STM32MP251DAI3, STM32MP251DAK3, STM32MP251DAL3, STM32MP251FAI3, STM32MP251FAK3, STM32MP251FAL3, STM32MP253AAI3, STM32MP253AAK3, STM32MP253AAL3, STM32MP253CAI3, STM32MP253CAK3, STM32MP253CAL3, STM32MP253DAI3, STM32MP253DAK3, STM32MP253DAL3, STM32MP253FAI3, STM32MP253FAK3, STM32MP253FAL3, STM32MP255AAI3, STM32MP255AAK3, STM32MP255AAL3, STM32MP255CAI3, STM32MP255CAK3, STM32MP255CAL3, STM32MP255DAI3, STM32MP255DAK3, STM32MP255DAL3, STM32MP255FAI3, STM32MP255FAK3, STM32MP255FAL3, STM32MP257AAI3, STM32MP257AAK3, STM32MP257AAL3, STM32MP257CAI3, STM32MP257CAK3, STM32MP257CAL3, STM32MP257DAI3, STM32MP257DAK3, STM32MP257DAL3, STM32MP257F-DK, STM32MP257F-EV1, STM32MP257FAI3, STM32MP257FAK3, STM32MP257FAL3, STM32N645A0H3Q, STM32N645B0H3Q, STM32N645I0H3Q, STM32N645L0H3Q, STM32N645X0H3Q, STM32N645Z0H3Q, STM32N647A0H3Q, STM32N647B0H3Q, STM32N647I0H3Q, STM32N647L0H3Q, STM32N647X0H3Q, STM32N647Z0H3Q, STM32N655A0H3Q, STM32N655B0H3Q, STM32N655I0H3Q, STM32N655L0H3Q, STM32N655X0H3Q, STM32N655Z0H3Q, STM32N6570-DK, STM32N657A0H3Q, STM32N657B0H3Q, STM32N657I0H3Q, STM32N657L0H3Q, STM32N657X0H3Q, STM32N657Z0H3Q, STM32U031C6T6, STM32U031C6U6, STM32U031C8T6, STM32U031C8U6, STM32U031F4P6, STM32U031F6P6, STM32U031F8P6, STM32U031G6Y6TR, STM32U031G8Y6TR, STM32U031K4U6, STM32U031K6U6, STM32U031K8U6, STM32U031R6I6, STM32U031R6T6, STM32U031R8I6, STM32U031R8T6, STM32U073C8T6, STM32U073C8U6, STM32U073CBT6, STM32U073CBU6, STM32U073CCT6, STM32U073CCU6, STM32U073H8Y6TR, STM32U073HBY6TR, STM32U073HCY6TR, STM32U073K8U6, STM32U073KBU6, STM32U073KCU6, STM32U073M8I6, STM32U073M8T6, STM32U073MBI6, STM32U073MBT6, STM32U073MCI6, STM32U073MCT6, STM32U073R8I6, STM32U073R8T6, STM32U073RBI6, STM32U073RBT6, STM32U073RCI6, STM32U073RCT6, STM32U083C-DK, STM32U083CCT6, STM32U083CCU6, STM32U083HCY6TR, STM32U083KCU6, STM32U083MCI6, STM32U083MCT6, STM32U083RCI6, STM32U083RCT6, STM32U375CET6, STM32U375CET6Q, STM32U375CEU6, STM32U375CEU6Q, STM32U375CEY6QTR, STM32U375CGT6, STM32U375CGT6Q, STM32U375CGU6, STM32U375CGU6Q, STM32U375CGY6QTR, STM32U375KEU6, STM32U375KGU6, STM32U375REI6, STM32U375REI6Q, STM32U375RET6, STM32U375RET6Q, STM32U375REY6GTR, STM32U375REY6QTR, STM32U375RGI6, STM32U375RGI6Q, STM32U375RGT6, STM32U375RGT6Q, STM32U375RGY6GTR, STM32U375RGY6QTR, STM32U375VEI6, STM32U375VEI6Q, STM32U375VET6, STM32U375VET6Q, STM32U375VGI6, STM32U375VGI6Q, STM32U375VGT6, STM32U375VGT6Q, STM32U385CGT6, STM32U385CGT6Q, STM32U385CGU6, STM32U385CGU6Q, STM32U385CGY6QTR, STM32U385KGU6, STM32U385RGI6, STM32U385RGI6Q, STM32U385RGT6, STM32U385RGT6Q, STM32U385RGY6GTR, STM32U385RGY6QTR, STM32U385VGI6, STM32U385VGI6Q, STM32U385VGT6, STM32U385VGT6Q, STM32U535CBT6, STM32U535CBT6Q, STM32U535CBU6, STM32U535CBU6Q, STM32U535CCT6, STM32U535CCT6Q, STM32U535CCU6, STM32U535CCU6Q, STM32U535CET6, STM32U535CET6Q, STM32U535CEU6, STM32U535CEU6Q, STM32U535JEY6QTR, STM32U535NCY6QTR, STM32U535NEY6QTR, STM32U535RBI6, STM32U535RBI6Q, STM32U535RBT6, STM32U535RBT6Q, STM32U535RCI6, STM32U535RCI6Q, STM32U535RCT6, STM32U535RCT6Q, STM32U535REI6, STM32U535REI6Q, STM32U535RET6, STM32U535RET6Q, STM32U535VCI6, STM32U535VCI6Q, STM32U535VCT6, STM32U535VCT6Q, STM32U535VEI6, STM32U535VEI6Q, STM32U535VET6, STM32U535VET6Q, STM32U545CET6, STM32U545CET6Q, STM32U545CEU6, STM32U545CEU6Q, STM32U545JEY6QTR, STM32U545NEY6QTR, STM32U545REI6, STM32U545REI6Q, STM32U545RET6, STM32U545RET6Q, STM32U545VEI6, STM32U545VEI6Q, STM32U545VET6, STM32U545VET6Q, STM32U595AIH6, STM32U595AIH6Q, STM32U595AJH6, STM32U595AJH6Q, STM32U595QII6, STM32U595QII6Q, STM32U595QJI6, STM32U595QJI6Q, STM32U595RIT6, STM32U595RIT6Q, STM32U595RJT6, STM32U595RJT6Q, STM32U595VIT6, STM32U595VIT6Q, STM32U595VJT6, STM32U595VJT6Q, STM32U595ZIT6, STM32U595ZIT6Q, STM32U595ZIY6QTR, STM32U595ZJT6, STM32U595ZJT6Q, STM32U595ZJY6QTR, STM32U599BJY6QTR, STM32U599NIH6Q, STM32U599NJH6Q, STM32U599VIT6Q, STM32U599VJT6, STM32U599VJT6Q, STM32U599ZIT6Q, STM32U599ZIY6QTR, STM32U599ZJT6Q, STM32U599ZJY6QTR, STM32U5A5AJH6, STM32U5A5AJH6Q, STM32U5A5QII3Q , STM32U5A5QJI6, STM32U5A5QJI6Q, STM32U5A5RJT6, STM32U5A5RJT6Q, STM32U5A5VJT6, STM32U5A5VJT6Q, STM32U5A5ZJT6, STM32U5A5ZJT6Q, STM32U5A5ZJY6QTR, STM32U5A9BJY6QTR, STM32U5A9J-DK, STM32U5A9NJH6Q, STM32U5A9VJT6Q, STM32U5A9ZJT6Q, STM32U5A9ZJY6QTR, STM32U5F7VIT6, STM32U5F7VIT6Q, STM32U5F7VJT6, STM32U5F7VJT6Q, STM32U5F9BJY6QTR, STM32U5F9NJH6Q, STM32U5F9VIT6Q, STM32U5F9VJT6Q, STM32U5F9ZIJ6QTR, STM32U5F9ZIT6Q, STM32U5F9ZJJ6QTR, STM32U5F9ZJT6Q, STM32U5G7VJT6, STM32U5G7VJT6Q, STM32U5G9BJY6QTR, STM32U5G9J-DK1, STM32U5G9J-DK2, STM32U5G9NJH6Q, STM32U5G9VJT6Q, STM32U5G9ZJJ6QTR, STM32U5G9ZJT6Q, STM32WB05KZV6TR, STM32WB05KZV7TR, STM32WB05TZF6TR, STM32WB05TZF7TR, STM32WB06CCF6TR, STM32WB06CCF7TR, STM32WB06CCV6TR, STM32WB06CCV7TR, STM32WB06KCV6TR, STM32WB06KCV7TR, STM32WB07CCF6TR, STM32WB07CCF7TR, STM32WB07CCV6TR, STM32WB07CCV7TR, STM32WB07KCV6TR, STM32WB07KCV7TR, STM32WB09KEV6TR, STM32WB09KEV7TR, STM32WB09TEF6TR, STM32WB09TEF7TR, STM32WB1MMCH6, STM32WBA50KGU6, STM32WBA50KGU6TR, STM32WBA52CEU6, STM32WBA52CEU6TR, STM32WBA52CEU7, STM32WBA52CEU7TR, STM32WBA52CGU6, STM32WBA52CGU6TR, STM32WBA52CGU6U, STM32WBA52CGU7, STM32WBA52CGU7TR, STM32WBA52KEU6, STM32WBA52KEU6TR, STM32WBA52KGU6, STM32WBA52KGU6TR, STM32WBA54CEU6, STM32WBA54CEU6TR, STM32WBA54CEU7, STM32WBA54CEU7TR, STM32WBA54CGU6, STM32WBA54CGU6TR, STM32WBA54CGU7, STM32WBA54CGU7TR, STM32WBA54KEU6, STM32WBA54KEU6TR, STM32WBA54KEU7, STM32WBA54KEU7TR, STM32WBA54KGU6, STM32WBA54KGU6TR, STM32WBA54KGU7, STM32WBA54KGU7TR, STM32WBA55CEU6, STM32WBA55CEU6TR, STM32WBA55CEU7, STM32WBA55CEU7TR, STM32WBA55CGU6, STM32WBA55CGU6TR, STM32WBA55CGU6U, STM32WBA55CGU7, STM32WBA55CGU7TR, STM32WBA55G-DK1, STM32WBA55HEF6, STM32WBA55HEF7, STM32WBA55HGF6, STM32WBA55HGF7, STM32WBA55UEI6, STM32WBA55UEI6TR, STM32WBA55UEI7, STM32WBA55UEI7TR, STM32WBA55UGI6, STM32WBA55UGI6TR, STM32WBA55UGI7, STM32WBA55UGI7TR, STM32WBA5MMGH6TR, STM32WBA62MGF6, STM32WBA62MIF6, STM32WBA65MGF7, STM32WBA65MIF6, STM32WBA65MIF7, STM32WL30K8V6, STM32WL30KBV6, STM32WL31C8V6, STM32WL31CBV6, STM32WL31K8V6, STM32WL31KBV6, STM32WL33C8V6, STM32WL33C8V6X, STM32WL33CBV6, STM32WL33CBV6X, STM32WL33CCV6, STM32WL33CCV6A, STM32WL33CCV6X, STM32WL33K8V7, STM32WL33K8V7X, STM32WL33KBV7 , STM32WL33KBV7X, STM32WL33KCV7, STM32WL33KCV7X, STM32WL5MOCH6, STM32WL5MOCH6TR]
2026-07-23 13:36:53,040 [INFO] BoardInfo:889 - No configuration file found for board NUCLEO-H5E5ZJ
2026-07-23 13:36:53,041 [INFO] DbBoards:161 - Board is not supported: NUCLEO-H5E5ZJ
2026-07-23 13:36:53,089 [INFO] BoardInfo:889 - No configuration file found for board NUCLEO-U3C5ZI-Q
2026-07-23 13:36:53,090 [INFO] DbBoards:161 - Board is not supported: NUCLEO-U3C5ZI-Q
2026-07-23 13:36:53,110 [INFO] BoardInfo:889 - No configuration file found for board NUCLEO-WBA25CE1
2026-07-23 13:36:53,111 [INFO] DbBoards:161 - Board is not supported: NUCLEO-WBA25CE1
2026-07-23 13:36:53,118 [INFO] BoardInfo:889 - No configuration file found for board NUCLEO-WL3RKB1
2026-07-23 13:36:53,119 [INFO] DbBoards:161 - Board is not supported: NUCLEO-WL3RKB1
2026-07-23 13:36:53,119 [INFO] BoardInfo:889 - No configuration file found for board NUCLEO-WL3RKB2
2026-07-23 13:36:53,120 [INFO] DbBoards:161 - Board is not supported: NUCLEO-WL3RKB2
2026-07-23 13:36:53,127 [INFO] BoardInfo:889 - No configuration file found for board P-NUCLEO-WB55
2026-07-23 13:36:53,128 [INFO] DbBoards:161 - Kit is not supported: P-NUCLEO-WB55
2026-07-23 13:36:53,134 [INFO] BoardInfo:889 - No configuration file found for board STEVAL-BFA001V1B
2026-07-23 13:36:53,135 [INFO] DbBoards:161 - Kit is not supported: STEVAL-BFA001V1B
2026-07-23 13:36:53,135 [INFO] BoardInfo:889 - No configuration file found for board STEVAL-BFA001V2B
2026-07-23 13:36:53,136 [INFO] DbBoards:161 - Kit is not supported: STEVAL-BFA001V2B
2026-07-23 13:36:53,239 [INFO] BoardInfo:889 - No configuration file found for board STM32H5F5J-DK
2026-07-23 13:36:53,240 [INFO] DbBoards:161 - Board is not supported: STM32H5F5J-DK
2026-07-23 13:36:53,304 [INFO] DbBoards:168 - Found 218 boards, 209 are supported
2026-07-23 13:36:53,304 [INFO] DbBoards:169 - Found 218 boards, 43 of them is supported for  Bsp
2026-07-23 13:36:53,306 [INFO] ApiDb:423 - Load user favorites file C:\Users\danny/.stm32cubeide/favorites.boards.txt: 0 item(s)
2026-07-23 13:36:53,306 [INFO] ApiDb:427 - User favorites Boards=[]
2026-07-23 13:36:53,306 [INFO] DbBoards:198 - Set 0 / 0 favorites Boards
2026-07-23 13:36:53,306 [INFO] McuFinderGlobals:76 - Set McuFinderConnectedMode to true
2026-07-23 13:36:53,310 [INFO] MultiScanPanel:200 - Auto-refresh data requested => check proxy status ongoing
2026-07-23 13:36:53,312 [INFO] FinderPluginLoader:96 - Searching for filters in installed packs
2026-07-23 13:36:54,282 [INFO] LoadUrlFilesThread:185 - End of LoadServerUrlFiles without Thread
2026-07-23 13:36:54,290 [INFO] DetailPanel:341 - Set advertising image to C:/Users/danny/STM32Cube/Repository/\en.stm32h5cubemxbanner.png
2026-07-23 13:37:43,430 [INFO] MainUpdater:2872 - connection check result : 10
2026-07-23 13:37:43,430 [INFO] MainUpdater:2872 - connection check result : 10
2026-07-23 13:37:43,438 [INFO] MicroXplorer:468 - Change Database Path : 
2026-07-23 13:37:43,439 [INFO] MicroXplorer:498 - Change Database Version : DB.6.0.150
2026-07-23 13:37:43,443 [WARN] ThirdParty:871 - waiting for thirdparty lock release [close project]
2026-07-23 13:37:43,443 [INFO] ThirdParty:873 - entering critical section [close project]
2026-07-23 13:37:43,443 [INFO] ThirdParty:883 - exiting critical section [close project]
2026-07-23 13:37:43,444 [INFO] PinOutPanel:1589 - setPackage(No Configuration,No Configuration)
2026-07-23 13:37:43,445 [INFO] UtilMem:75 - Begin LoadConfig() Used Memory: 262144000 Bytes (413138944)
2026-07-23 13:37:43,446 [INFO] MicroXplorer:468 - Change Database Path : 
2026-07-23 13:37:43,446 [INFO] MicroXplorer:498 - Change Database Version : DB.6.0.150
2026-07-23 13:37:43,446 [INFO] OpenFileManager:355 - Change cursor
2026-07-23 13:37:43,484 [INFO] Mcu:2029 - Initializing MCU STM32F411R(C-E)Tx STM32F411RETx STM32F411RET6
2026-07-23 13:37:44,498 [INFO] Context:786 - Trying to add GPIOservice into a context  which must be forbidden
2026-07-23 13:37:44,740 [INFO] ImportTextPane:234 - (OptionalMessage_ERROR) Pin16 (VP_RIF_VS_RIF1) cannot be retrieved for this MCU
2026-07-23 13:37:44,828 [INFO] RtosManager:558 - Registered RTOS mode: class=CMSIS, group=RTOS, mode=CMSIS_V1, owner=FREERTOS
2026-07-23 13:37:44,828 [INFO] RtosManager:558 - Registered RTOS mode: class=CMSIS, group=RTOS2, mode=CMSIS_V2, owner=FREERTOS
2026-07-23 13:37:44,828 [INFO] RtosManager:558 - Registered RTOS mode: class=RTOS, group=Core, mode=CMSIS_V1, owner=FREERTOS
2026-07-23 13:37:44,828 [INFO] RtosManager:558 - Registered RTOS mode: class=RTOS, group=Core, mode=CMSIS_V2, owner=FREERTOS
2026-07-23 13:37:44,828 [WARN] ModelIntegratedComponent:184 - Missing modes for component STMicroelectronics:FreeRTOS:0.0.1:STMicroelectronics:RTOS:FreeRTOS:Core:::10.2.0:
2026-07-23 13:37:44,838 [WARN] ModelIntegratedComponent:63 - No mode defined for component null
2026-07-23 13:37:44,838 [WARN] ModelIntegratedComponent:63 - No mode defined for component null
2026-07-23 13:37:44,838 [WARN] ModelIntegratedComponent:63 - No mode defined for component null
2026-07-23 13:37:44,838 [WARN] ModelIntegratedComponent:63 - No mode defined for component null
2026-07-23 13:37:44,838 [WARN] ModelIntegratedComponent:63 - No mode defined for component null
2026-07-23 13:37:44,838 [WARN] ModelIntegratedComponent:63 - No mode defined for component null
2026-07-23 13:37:44,838 [WARN] ModelIntegratedComponent:63 - No mode defined for component null
2026-07-23 13:37:44,838 [WARN] ModelIntegratedComponent:63 - No mode defined for component null
2026-07-23 13:37:44,838 [WARN] ModelIntegratedComponent:63 - No mode defined for component null
2026-07-23 13:37:44,838 [WARN] ModelIntegratedComponent:63 - No mode defined for component null
2026-07-23 13:37:44,838 [WARN] ModelIntegratedComponent:63 - No mode defined for component null
2026-07-23 13:37:44,838 [WARN] ModelIntegratedComponent:63 - No mode defined for component null
2026-07-23 13:37:44,838 [WARN] ModelIntegratedComponent:63 - No mode defined for component null
2026-07-23 13:37:44,838 [WARN] ModelIntegratedComponent:63 - No mode defined for component null
2026-07-23 13:37:44,838 [WARN] ModelIntegratedComponent:63 - No mode defined for component null
2026-07-23 13:37:44,838 [WARN] ModelIntegratedComponent:63 - No mode defined for component null
2026-07-23 13:37:44,838 [WARN] ModelIntegratedComponent:63 - No mode defined for component null
2026-07-23 13:37:44,838 [WARN] ModelIntegratedComponent:63 - No mode defined for component null
2026-07-23 13:37:44,839 [WARN] ModelIntegratedComponent:63 - No mode defined for component null
2026-07-23 13:37:44,839 [WARN] ModelIntegratedComponent:63 - No mode defined for component null
2026-07-23 13:37:44,839 [WARN] ModelIntegratedComponent:63 - No mode defined for component null
2026-07-23 13:37:44,839 [WARN] ModelIntegratedComponent:63 - No mode defined for component null
2026-07-23 13:37:44,839 [WARN] ModelIntegratedComponent:63 - No mode defined for component null
2026-07-23 13:37:44,839 [WARN] ModelIntegratedComponent:63 - No mode defined for component null
2026-07-23 13:37:44,839 [WARN] ModelIntegratedComponent:63 - No mode defined for component null
2026-07-23 13:37:44,839 [WARN] ModelIntegratedComponent:63 - No mode defined for component null
2026-07-23 13:37:44,839 [WARN] ModelIntegratedComponent:63 - No mode defined for component null
2026-07-23 13:37:44,839 [WARN] ModelIntegratedComponent:63 - No mode defined for component null
2026-07-23 13:37:44,839 [WARN] ModelIntegratedComponent:63 - No mode defined for component null
2026-07-23 13:37:44,839 [WARN] ModelIntegratedComponent:63 - No mode defined for component null
2026-07-23 13:37:44,839 [WARN] ModelIntegratedComponent:63 - No mode defined for component null
2026-07-23 13:37:44,839 [WARN] ModelIntegratedComponent:63 - No mode defined for component null
2026-07-23 13:37:44,839 [WARN] ModelIntegratedComponent:63 - No mode defined for component null
2026-07-23 13:37:44,839 [WARN] ModelIntegratedComponent:63 - No mode defined for component null
2026-07-23 13:37:44,839 [WARN] ModelIntegratedComponent:63 - No mode defined for component null
2026-07-23 13:37:44,839 [WARN] ModelPack:524 - Component already loaded: STMicroelectronics:HAL Drivers:0.0.0:STMicroelectronics:Device:STMicro_Driver:XSPI:HAL::0.0.1:HAL_XSPI
2026-07-23 13:37:44,935 [WARN] ModelIntegratedComponent:182 - Modes not found for component STMicroelectronics:USB_DEVICE:1.0.0:STMicroelectronics:USB::USB Device:Audio HS::1.0:USB_DEVICE_1_0_RESTRICTED_HS
2026-07-23 13:37:44,936 [WARN] ModelIntegratedComponent:188 - Modes not found for component STMicroelectronics:USB_DEVICE:1.0.0:STMicroelectronics:USB::USB Device:Audio HS::1.0:USB_DEVICE_1_0_RESTRICTED_HS
2026-07-23 13:37:44,936 [WARN] ModelIntegratedComponent:182 - Modes not found for component STMicroelectronics:USB_DEVICE:1.0.0:STMicroelectronics:USB::USB Device:CDC HS::1.0:USB_DEVICE_1_0_RESTRICTED_HS
2026-07-23 13:37:44,936 [WARN] ModelIntegratedComponent:188 - Modes not found for component STMicroelectronics:USB_DEVICE:1.0.0:STMicroelectronics:USB::USB Device:CDC HS::1.0:USB_DEVICE_1_0_RESTRICTED_HS
2026-07-23 13:37:44,936 [WARN] ModelIntegratedComponent:182 - Modes not found for component STMicroelectronics:USB_DEVICE:1.0.0:STMicroelectronics:USB::USB Device:DFU HS::1.0:USB_DEVICE_1_0_RESTRICTED_HS
2026-07-23 13:37:44,936 [WARN] ModelIntegratedComponent:188 - Modes not found for component STMicroelectronics:USB_DEVICE:1.0.0:STMicroelectronics:USB::USB Device:DFU HS::1.0:USB_DEVICE_1_0_RESTRICTED_HS
2026-07-23 13:37:44,936 [WARN] ModelIntegratedComponent:182 - Modes not found for component STMicroelectronics:USB_DEVICE:1.0.0:STMicroelectronics:USB::USB Device:HID HS::1.0:USB_DEVICE_1_0_RESTRICTED_HS
2026-07-23 13:37:44,936 [WARN] ModelIntegratedComponent:188 - Modes not found for component STMicroelectronics:USB_DEVICE:1.0.0:STMicroelectronics:USB::USB Device:HID HS::1.0:USB_DEVICE_1_0_RESTRICTED_HS
2026-07-23 13:37:44,936 [WARN] ModelIntegratedComponent:182 - Modes not found for component STMicroelectronics:USB_DEVICE:1.0.0:STMicroelectronics:USB::USB Device:Custom HID HS::1.0:USB_DEVICE_1_0_RESTRICTED_HS
2026-07-23 13:37:44,936 [WARN] ModelIntegratedComponent:188 - Modes not found for component STMicroelectronics:USB_DEVICE:1.0.0:STMicroelectronics:USB::USB Device:Custom HID HS::1.0:USB_DEVICE_1_0_RESTRICTED_HS
2026-07-23 13:37:44,936 [WARN] ModelIntegratedComponent:182 - Modes not found for component STMicroelectronics:USB_DEVICE:1.0.0:STMicroelectronics:USB::USB Device:MSC HS::1.0:USB_DEVICE_1_0_RESTRICTED_HS
2026-07-23 13:37:44,936 [WARN] ModelIntegratedComponent:188 - Modes not found for component STMicroelectronics:USB_DEVICE:1.0.0:STMicroelectronics:USB::USB Device:MSC HS::1.0:USB_DEVICE_1_0_RESTRICTED_HS
2026-07-23 13:37:44,977 [WARN] ModelIntegratedComponent:182 - Modes not found for component STMicroelectronics:USB_HOST:1.0.0:STMicroelectronics:USB::USB Host:Audio HS::1.0:USB_HOST_1_0_RESTRICTED_HS
2026-07-23 13:37:44,977 [WARN] ModelIntegratedComponent:188 - Modes not found for component STMicroelectronics:USB_HOST:1.0.0:STMicroelectronics:USB::USB Host:Audio HS::1.0:USB_HOST_1_0_RESTRICTED_HS
2026-07-23 13:37:44,977 [WARN] ModelIntegratedComponent:182 - Modes not found for component STMicroelectronics:USB_HOST:1.0.0:STMicroelectronics:USB::USB Host:CDC HS::1.0:USB_HOST_1_0_RESTRICTED_HS
2026-07-23 13:37:44,977 [WARN] ModelIntegratedComponent:188 - Modes not found for component STMicroelectronics:USB_HOST:1.0.0:STMicroelectronics:USB::USB Host:CDC HS::1.0:USB_HOST_1_0_RESTRICTED_HS
2026-07-23 13:37:44,977 [WARN] ModelIntegratedComponent:182 - Modes not found for component STMicroelectronics:USB_HOST:1.0.0:STMicroelectronics:USB::USB Host:MSC HS::1.0:USB_HOST_1_0_RESTRICTED_HS
2026-07-23 13:37:44,977 [WARN] ModelIntegratedComponent:188 - Modes not found for component STMicroelectronics:USB_HOST:1.0.0:STMicroelectronics:USB::USB Host:MSC HS::1.0:USB_HOST_1_0_RESTRICTED_HS
2026-07-23 13:37:44,977 [WARN] ModelIntegratedComponent:182 - Modes not found for component STMicroelectronics:USB_HOST:1.0.0:STMicroelectronics:USB::USB Host:HID HS::1.0:USB_HOST_1_0_RESTRICTED_HS
2026-07-23 13:37:44,977 [WARN] ModelIntegratedComponent:188 - Modes not found for component STMicroelectronics:USB_HOST:1.0.0:STMicroelectronics:USB::USB Host:HID HS::1.0:USB_HOST_1_0_RESTRICTED_HS
2026-07-23 13:37:44,977 [WARN] ModelIntegratedComponent:182 - Modes not found for component STMicroelectronics:USB_HOST:1.0.0:STMicroelectronics:USB::USB Host:MTP HS::1.0:USB_HOST_1_0_RESTRICTED_HS
2026-07-23 13:37:44,977 [WARN] ModelIntegratedComponent:188 - Modes not found for component STMicroelectronics:USB_HOST:1.0.0:STMicroelectronics:USB::USB Host:MTP HS::1.0:USB_HOST_1_0_RESTRICTED_HS
2026-07-23 13:37:45,155 [INFO] ThirdPartyModel:298 - Start build external matchings
2026-07-23 13:37:46,146 [INFO] ThirdPartyModel:316 - End build external matchings
2026-07-23 13:37:46,163 [INFO] RtosManager:1018 - Current active RTOS is FREERTOS [Cortex-M4NS]
2026-07-23 13:37:46,389 [INFO] UtilMem:75 - End LoadConfig() Used Memory: 283364664 Bytes (492830720)
2026-07-23 13:37:46,463 [WARN] ThirdParty:833 - waiting for thirdparty lock release [change project]
2026-07-23 13:37:46,463 [INFO] ThirdParty:835 - entering critical section [change project]
2026-07-23 13:37:46,463 [INFO] ThirdParty:1030 - CMSIS Pack Vendor :STMicroelectronics X-CUBE-AZRTOS-H7 3.5.0
2026-07-23 13:37:46,463 [INFO] ThirdParty:1030 - CMSIS Pack Vendor :STMicroelectronics X-CUBE-PM33A1 1.0.0
2026-07-23 13:37:46,463 [INFO] ThirdParty:1030 - CMSIS Pack Vendor :STMicroelectronics USBPD 4.1
2026-07-23 13:37:46,463 [INFO] ThirdParty:1030 - CMSIS Pack Vendor :STMicroelectronics USB_HOST 2.0.0
2026-07-23 13:37:46,463 [INFO] ThirdParty:1030 - CMSIS Pack Vendor :STMicroelectronics FP-SNS-MOTENVWB1 1.4.0
2026-07-23 13:37:46,463 [INFO] ThirdParty:1030 - CMSIS Pack Vendor :STMicroelectronics FP-ATR-ASTRA1 2.0.3
2026-07-23 13:37:46,463 [INFO] ThirdParty:1030 - CMSIS Pack Vendor :STMicroelectronics X-CUBE-AZRTOS-F4 1.1.0
2026-07-23 13:37:46,463 [INFO] ThirdParty:1030 - CMSIS Pack Vendor :STMicroelectronics LIBJPEG 8.0.0
2026-07-23 13:37:46,463 [INFO] ThirdParty:1030 - CMSIS Pack Vendor :STMicroelectronics FP-ATR-ASTRA1 2.0.2
2026-07-23 13:37:46,463 [INFO] ThirdParty:1030 - CMSIS Pack Vendor :Avnet-IotConnect X-CUBE-IoTC-DA16k-PMOD 1.0.0
2026-07-23 13:37:46,463 [INFO] ThirdParty:1030 - CMSIS Pack Vendor :STMicroelectronics X-CUBE-SMBUS 2.1.0
2026-07-23 13:37:46,463 [INFO] ThirdParty:1030 - CMSIS Pack Vendor :STMicroelectronics X-CUBE-WB05N 1.1.0
2026-07-23 13:37:46,464 [INFO] ThirdParty:1030 - CMSIS Pack Vendor :STMicroelectronics X-CUBE-ISPU 2.1.0
2026-07-23 13:37:46,464 [INFO] ThirdParty:1030 - CMSIS Pack Vendor :STMicroelectronics X-CUBE-IPS 3.2.0
2026-07-23 13:37:46,464 [INFO] ThirdParty:1030 - CMSIS Pack Vendor :STMicroelectronics eDS-WB_DPC_TT-BIDIR 2.1.1
2026-07-23 13:37:46,464 [INFO] ThirdParty:1030 - CMSIS Pack Vendor :STMicroelectronics X-CUBE-ST60 1.0.0
2026-07-23 13:37:46,464 [INFO] ThirdParty:1030 - CMSIS Pack Vendor :STMicroelectronics X-CUBE-NFC12 1.0.0
2026-07-23 13:37:46,464 [INFO] ThirdParty:1030 - CMSIS Pack Vendor :STMicroelectronics X-CUBE-AZRTOS-F7 1.1.0
2026-07-23 13:37:46,464 [INFO] ThirdParty:1030 - CMSIS Pack Vendor :STMicroelectronics X-CUBE-AZRTOS-L5 2.0.0
2026-07-23 13:37:46,464 [INFO] ThirdParty:1030 - CMSIS Pack Vendor :STMicroelectronics USB_DEVICE 2.0.0
2026-07-23 13:37:46,464 [INFO] ThirdParty:1030 - CMSIS Pack Vendor :STMicroelectronics X-CUBE-FREERTOS 1.6.0
2026-07-23 13:37:46,464 [INFO] ThirdParty:1030 - CMSIS Pack Vendor :STMicroelectronics X-CUBE-NFC6 3.1.0
2026-07-23 13:37:46,464 [INFO] ThirdParty:1030 - CMSIS Pack Vendor :STMicroelectronics X-CUBE-ALGOBUILD 1.5.0
2026-07-23 13:37:46,464 [INFO] ThirdParty:1030 - CMSIS Pack Vendor :STMicroelectronics FP-SNS-MOTENV1 5.1.0
2026-07-23 13:37:46,464 [INFO] ThirdParty:1030 - CMSIS Pack Vendor :STMicroelectronics FreeRTOS 0.0.1
2026-07-23 13:37:46,464 [INFO] ThirdParty:1030 - CMSIS Pack Vendor :STMicroelectronics X-CUBE-AZRTOS-H7RS 1.3.0
2026-07-23 13:37:46,464 [INFO] ThirdParty:1030 - CMSIS Pack Vendor :STMicroelectronics eDS-WB_DPC_VIENNA 1.2.0
2026-07-23 13:37:46,464 [INFO] ThirdParty:1030 - CMSIS Pack Vendor :STMicroelectronics eDS-WB_DPC_3PH2L-BIDIR 1.1.1
2026-07-23 13:37:46,464 [INFO] ThirdParty:1030 - CMSIS Pack Vendor :Infineon AIROC-Wi-Fi-Bluetooth-STM32 1.7.0
2026-07-23 13:37:46,464 [INFO] ThirdParty:1030 - CMSIS Pack Vendor :STMicroelectronics PDM2PCM 3.3.0
2026-07-23 13:37:46,464 [INFO] ThirdParty:1030 - CMSIS Pack Vendor :STMicroelectronics X-CUBE-AZRTOS-H7 3.4.0
2026-07-23 13:37:46,464 [INFO] ThirdParty:1030 - CMSIS Pack Vendor :STMicroelectronics X-CUBE-DISPLAY 3.0.0
2026-07-23 13:37:46,464 [INFO] ThirdParty:1030 - CMSIS Pack Vendor :STMicroelectronics X-CUBE-GNSS1 7.1.1
2026-07-23 13:37:46,464 [INFO] ThirdParty:1030 - CMSIS Pack Vendor :STMicroelectronics FP-SNS-MOTENVWB1 1.5.0
2026-07-23 13:37:46,464 [INFO] ThirdParty:1030 - CMSIS Pack Vendor :STMicroelectronics X-CUBE-NFC10 1.0.0
2026-07-23 13:37:46,464 [INFO] ThirdParty:1030 - CMSIS Pack Vendor :STMicroelectronics X-CUBE-BLEMGR 4.0.0
2026-07-23 13:37:46,464 [INFO] ThirdParty:1030 - CMSIS Pack Vendor :STMicroelectronics X-CUBE-FREERTOS 1.3.1
2026-07-23 13:37:46,464 [INFO] ThirdParty:1030 - CMSIS Pack Vendor :STMicroelectronics HAL Drivers 0.0.0
2026-07-23 13:37:46,464 [INFO] ThirdParty:1030 - CMSIS Pack Vendor :STMicroelectronics X-CUBE-ST60 1.1.0
2026-07-23 13:37:46,464 [INFO] ThirdParty:1030 - CMSIS Pack Vendor :emotas I-CUBE-CANOPEN 1.3.0
2026-07-23 13:37:46,464 [INFO] ThirdParty:1030 - CMSIS Pack Vendor :STMicroelectronics X-CUBE-FREERTOS 1.3.0
2026-07-23 13:37:46,464 [INFO] ThirdParty:1030 - CMSIS Pack Vendor :STMicroelectronics X-CUBE-NFC7 1.0.1
2026-07-23 13:37:46,464 [INFO] ThirdParty:1030 - CMSIS Pack Vendor :STMicroelectronics MBEDTLS 2.14.1
2026-07-23 13:37:46,464 [INFO] ThirdParty:1030 - CMSIS Pack Vendor :STMicroelectronics X-CUBE-GNSS1 7.1.0
2026-07-23 13:37:46,464 [INFO] ThirdParty:1030 - CMSIS Pack Vendor :STMicroelectronics X-CUBE-TOUCHGFX 4.26.0
2026-07-23 13:37:46,464 [INFO] ThirdParty:1030 - CMSIS Pack Vendor :STMicroelectronics X-CUBE-TOUCHGFX 4.26.1
2026-07-23 13:37:46,464 [INFO] ThirdParty:1030 - CMSIS Pack Vendor :quantropi X-CUBE-qispace-sdk-base 2.0.0
2026-07-23 13:37:46,464 [INFO] ThirdParty:1030 - CMSIS Pack Vendor :STMicroelectronics X-CUBE-AI 10.0.0
2026-07-23 13:37:46,464 [INFO] ThirdParty:1030 - CMSIS Pack Vendor :STMicroelectronics FP-SNS-STBOX1 2.1.0
2026-07-23 13:37:46,464 [INFO] ThirdParty:1030 - CMSIS Pack Vendor :STMicroelectronics FP-SNS-STAIOTCFT 1.0.0
2026-07-23 13:37:46,464 [INFO] ThirdParty:1030 - CMSIS Pack Vendor :STMicroelectronics FP-SNS-SMARTAG2 1.2.0
2026-07-23 13:37:46,464 [INFO] ThirdParty:1030 - CMSIS Pack Vendor :STMicroelectronics FP-SNS-FLIGHT1 5.1.0
2026-07-23 13:37:46,464 [INFO] ThirdParty:1030 - CMSIS Pack Vendor :STMicroelectronics X-CUBE-MEMS1 11.1.0
2026-07-23 13:37:46,464 [INFO] ThirdParty:1030 - CMSIS Pack Vendor :STMicroelectronics X-CUBE-AZRTOS-WL 2.0.0
2026-07-23 13:37:46,464 [INFO] ThirdParty:1030 - CMSIS Pack Vendor :STMicroelectronics X-CUBE-DPower 1.3.0
2026-07-23 13:37:46,464 [INFO] ThirdParty:1030 - CMSIS Pack Vendor :STMicroelectronics FP-SNS-MOTENV1 5.0.0
2026-07-23 13:37:46,464 [INFO] ThirdParty:1030 - CMSIS Pack Vendor :STMicroelectronics USB_DEVICE 1.0.0
2026-07-23 13:37:46,464 [INFO] ThirdParty:1030 - CMSIS Pack Vendor :STMicroelectronics X-CUBE-AZRTOS-H7RS 1.2.0
2026-07-23 13:37:46,464 [INFO] ThirdParty:1030 - CMSIS Pack Vendor :STMicroelectronics X-CUBE-AZRTOS-L4 2.0.0
2026-07-23 13:37:46,464 [INFO] ThirdParty:1030 - CMSIS Pack Vendor :STMicroelectronics ThreadX 0.0.2
2026-07-23 13:37:46,464 [INFO] ThirdParty:1030 - CMSIS Pack Vendor :WES I-CUBE-Cesium 1.3.0
2026-07-23 13:37:46,464 [INFO] ThirdParty:1030 - CMSIS Pack Vendor :STMicroelectronics lwIP 2.1.2
2026-07-23 13:37:46,464 [INFO] ThirdParty:1030 - CMSIS Pack Vendor :STMicroelectronics X-CUBE-SFXS2LP1 4.0.0
2026-07-23 13:37:46,464 [INFO] ThirdParty:1030 - CMSIS Pack Vendor :STMicroelectronics X-CUBE-BLE2 3.3.0
2026-07-23 13:37:46,464 [INFO] ThirdParty:1030 - CMSIS Pack Vendor :Avnet-IOTCONNECT X-CUBE-iotc-st67-sdk 1.0.0
2026-07-23 13:37:46,464 [INFO] ThirdParty:1030 - CMSIS Pack Vendor :STMicroelectronics PDM2PCM 3.2.0
2026-07-23 13:37:46,464 [INFO] ThirdParty:1030 - CMSIS Pack Vendor :STMicroelectronics X-CUBE-WB05N 2.1.0
2026-07-23 13:37:46,464 [INFO] ThirdParty:1030 - CMSIS Pack Vendor :STMicroelectronics X-CUBE-ST67W61 1.2.0
2026-07-23 13:37:46,464 [INFO] ThirdParty:1030 - CMSIS Pack Vendor :STMicroelectronics X-CUBE-AZRTOS-H7 3.3.0
2026-07-23 13:37:46,464 [INFO] ThirdParty:1030 - CMSIS Pack Vendor :STMicroelectronics X-CUBE-NFC9 1.0.0
2026-07-23 13:37:46,464 [INFO] ThirdParty:1030 - CMSIS Pack Vendor :STMicroelectronics X-CUBE-BLE1 7.1.0
2026-07-23 13:37:46,464 [INFO] ThirdParty:1030 - CMSIS Pack Vendor :wolfSSL I-CUBE-wolfMQTT 1.19.2
2026-07-23 13:37:46,464 [INFO] ThirdParty:1030 - CMSIS Pack Vendor :STMicroelectronics USB_DEVICE 3.0.0
2026-07-23 13:37:46,464 [INFO] ThirdParty:1030 - CMSIS Pack Vendor :STMicroelectronics X-CUBE-EEPRMA1 5.2.0
2026-07-23 13:37:46,464 [INFO] ThirdParty:1030 - CMSIS Pack Vendor :STMicroelectronics X-CUBE-BLEMGR 4.1.0
2026-07-23 13:37:46,464 [INFO] ThirdParty:1030 - CMSIS Pack Vendor :STMicroelectronics X-CUBE-AZRTOS-WB 2.0.0
2026-07-23 13:37:46,464 [INFO] ThirdParty:1030 - CMSIS Pack Vendor :STMicroelectronics X-CUBE-GNSS1 7.0.1
2026-07-23 13:37:46,464 [INFO] ThirdParty:1030 - CMSIS Pack Vendor :STMicroelectronics X-CUBE-TOUCHGFX 4.25.0
2026-07-23 13:37:46,464 [INFO] ThirdParty:1030 - CMSIS Pack Vendor :STMicroelectronics FP-SNS-STBOX1 2.0.0
2026-07-23 13:37:46,464 [INFO] ThirdParty:1030 - CMSIS Pack Vendor :STMicroelectronics FP-SNS-STAIOTCFT 1.1.0
2026-07-23 13:37:46,465 [INFO] ThirdParty:1030 - CMSIS Pack Vendor :STMicroelectronics X-CUBE-MEMS1 12.0.0
2026-07-23 13:37:46,465 [INFO] ThirdParty:1030 - CMSIS Pack Vendor :STMicroelectronics X-CUBE-STSE01 2.0.0
2026-07-23 13:37:46,465 [INFO] ThirdParty:1030 - CMSIS Pack Vendor :STMicroelectronics X-CUBE-AZRTOS-G0 1.1.0
2026-07-23 13:37:46,465 [INFO] ThirdParty:1030 - CMSIS Pack Vendor :STMicroelectronics X-CUBE-SAFEA1 1.2.2
2026-07-23 13:37:46,465 [INFO] ThirdParty:1030 - CMSIS Pack Vendor :STMicroelectronics X-CUBE-NFC4 3.0.0
2026-07-23 13:37:46,465 [INFO] ThirdParty:1030 - CMSIS Pack Vendor :STMicroelectronics X-CUBE-SUBG2 5.0.0
2026-07-23 13:37:46,465 [INFO] ThirdParty:1030 - CMSIS Pack Vendor :STMicroelectronics X-CUBE-AZRTOS-H7RS 1.1.0
2026-07-23 13:37:46,465 [INFO] ThirdParty:1030 - CMSIS Pack Vendor :STMicroelectronics STM32_WPAN 1.0.0
2026-07-23 13:37:46,465 [INFO] ThirdParty:1030 - CMSIS Pack Vendor :EmbeddedOffice I-CUBE-FS-RTOS 1.0.1
2026-07-23 13:37:46,465 [INFO] ThirdParty:1030 - CMSIS Pack Vendor :STMicroelectronics lwIP 2.0.3
2026-07-23 13:37:46,465 [INFO] ThirdParty:1030 - CMSIS Pack Vendor :Cesanta I-CUBE-Mongoose 7.13.0
2026-07-23 13:37:46,465 [INFO] ThirdParty:1030 - CMSIS Pack Vendor :STMicroelectronics USB_HOST 1.0.0
2026-07-23 13:37:46,465 [INFO] ThirdParty:1030 - CMSIS Pack Vendor :STMicroelectronics X-CUBE-AZRTOS-G4 2.0.0
2026-07-23 13:37:46,465 [INFO] ThirdParty:1030 - CMSIS Pack Vendor :STMicroelectronics X-CUBE-WB05N 2.0.0
2026-07-23 13:37:46,465 [INFO] ThirdParty:1030 - CMSIS Pack Vendor :STMicroelectronics PDM2PCM 3.1.0
2026-07-23 13:37:46,465 [INFO] ThirdParty:1030 - CMSIS Pack Vendor :wolfSSL I-CUBE-wolfTPM 3.8.0
2026-07-23 13:37:46,465 [INFO] ThirdParty:1030 - CMSIS Pack Vendor :wolfSSL I-CUBE-wolfSSH 1.4.20
2026-07-23 13:37:46,465 [INFO] ThirdParty:1030 - CMSIS Pack Vendor :STMicroelectronics X-CUBE-NFC7 2.0.0
2026-07-23 13:37:46,465 [INFO] ThirdParty:1030 - CMSIS Pack Vendor :STMicroelectronics X-CUBE-TCPP 4.2.0
2026-07-23 13:37:46,465 [INFO] ThirdParty:1030 - CMSIS Pack Vendor :RealThread X-CUBE-RT-Thread_Nano 4.1.1
2026-07-23 13:37:46,465 [INFO] ThirdParty:1030 - CMSIS Pack Vendor :STMicroelectronics FP-ATR-SIGFOX1 3.2.0
2026-07-23 13:37:46,465 [INFO] ThirdParty:1030 - CMSIS Pack Vendor :STMicroelectronics X-CUBE-EEPRMA1 5.1.0
2026-07-23 13:37:46,465 [INFO] ThirdParty:1030 - CMSIS Pack Vendor :STMicroelectronics X-CUBE-FREERTOS 1.5.0
2026-07-23 13:37:46,465 [INFO] ThirdParty:1030 - CMSIS Pack Vendor :STMicroelectronics MBEDTLS 2.16.2
2026-07-23 13:37:46,465 [INFO] ThirdParty:1030 - CMSIS Pack Vendor :STMicroelectronics X-CUBE-IPS 3.1.0
2026-07-23 13:37:46,465 [INFO] ThirdParty:1030 - CMSIS Pack Vendor :STMicroelectronics X-CUBE-ALS 1.0.2
2026-07-23 13:37:46,465 [INFO] ThirdParty:1030 - CMSIS Pack Vendor :wolfSSL I-CUBE-wolfSSL 5.7.6
2026-07-23 13:37:46,465 [INFO] ThirdParty:1030 - CMSIS Pack Vendor :ITTIA_DB I-CUBE-ITTIADB 8.9.0
2026-07-23 13:37:46,465 [INFO] ThirdParty:1030 - CMSIS Pack Vendor :STMicroelectronics X-CUBE-STSE01 1.0.0
2026-07-23 13:37:46,465 [INFO] ThirdParty:1030 - CMSIS Pack Vendor :portGmbH I-Cube-SoM-uGOAL 1.1.0
2026-07-23 13:37:46,465 [INFO] ThirdParty:1030 - CMSIS Pack Vendor :STMicroelectronics X-CUBE-NFC6 3.2.0
2026-07-23 13:37:46,465 [INFO] ThirdParty:1030 - CMSIS Pack Vendor :STMicroelectronics X-CUBE-ST67W61 1.0.0
2026-07-23 13:37:46,465 [INFO] ThirdParty:1030 - CMSIS Pack Vendor :STMicroelectronics X-CUBE-AI 10.2.1
2026-07-23 13:37:46,465 [INFO] ThirdParty:1030 - CMSIS Pack Vendor :STMicroelectronics X-CUBE-AI 10.2.0
2026-07-23 13:37:46,465 [INFO] ThirdParty:1030 - CMSIS Pack Vendor :STMicroelectronics ThreadX 1.0.0
2026-07-23 13:37:46,465 [INFO] ThirdParty:1030 - CMSIS Pack Vendor :STMicroelectronics X-CUBE-MEMS1 12.1.0
2026-07-23 13:37:46,465 [INFO] ThirdParty:1030 - CMSIS Pack Vendor :SEGGER I-CUBE-embOS 1.3.1
2026-07-23 13:37:46,465 [INFO] ThirdParty:1030 - CMSIS Pack Vendor :STMicroelectronics X-CUBE-ALGOBUILD 1.4.0
2026-07-23 13:37:46,465 [INFO] ThirdParty:1030 - CMSIS Pack Vendor :STMicroelectronics X-CUBE-MEMS1 11.3.0
2026-07-23 13:37:46,465 [INFO] ThirdParty:1030 - CMSIS Pack Vendor :STMicroelectronics X-CUBE-TOF1 3.4.2
2026-07-23 13:37:46,465 [INFO] ThirdParty:1030 - CMSIS Pack Vendor :STMicroelectronics X-CUBE-TOF1 3.4.3
2026-07-23 13:37:46,465 [INFO] ThirdParty:1030 - CMSIS Pack Vendor :STMicroelectronics X-CUBE-NFC13 1.0.0
2026-07-23 13:37:46,465 [INFO] ThirdParty:841 - exiting critical section [change project]
2026-07-23 13:37:46,785 [INFO] PinOutPanel:1589 - setPackage(No Configuration,No Configuration)
2026-07-23 13:37:46,787 [INFO] PinOutPanel:1589 - setPackage(STM32F411RETx,LQFP64)
2026-07-23 13:37:47,170 [INFO] UtilMem:75 - Before build in PCC Used Memory: 433880224 Bytes (492830720)
2026-07-23 13:37:47,941 [INFO] UtilMem:75 - After build in PCC Used Memory: 295012288 Bytes (492830720)
2026-07-23 13:37:48,132 [INFO] ApiDbMcu:532 - Load IP Config File for FREERTOS
2026-07-23 13:37:48,168 [INFO] IPUIPlugin:80 - create IPUIPlugin
2026-07-23 13:37:48,168 [INFO] IPUIPlugin:80 - create IPUIPlugin
2026-07-23 13:37:48,168 [INFO] IPUIPlugin:80 - create IPUIPlugin
2026-07-23 13:37:48,168 [INFO] IPUIPlugin:80 - create IPUIPlugin
2026-07-23 13:37:48,168 [INFO] IPUIPlugin:80 - create IPUIPlugin
2026-07-23 13:37:48,168 [INFO] IPUIPlugin:80 - create IPUIPlugin
2026-07-23 13:37:48,168 [INFO] IPUIPlugin:80 - create IPUIPlugin
2026-07-23 13:37:48,168 [INFO] IPUIPlugin:80 - create IPUIPlugin
2026-07-23 13:37:48,168 [INFO] IPUIPlugin:80 - create IPUIPlugin
2026-07-23 13:37:48,169 [INFO] IPUIPlugin:80 - create IPUIPlugin
2026-07-23 13:37:48,169 [INFO] IPUIPlugin:80 - create IPUIPlugin
2026-07-23 13:37:48,169 [INFO] IPUIPlugin:80 - create IPUIPlugin
2026-07-23 13:37:48,169 [INFO] IPUIPlugin:80 - create IPUIPlugin
2026-07-23 13:37:48,169 [INFO] IPUIPlugin:80 - create IPUIPlugin
2026-07-23 13:37:48,169 [INFO] IPUIPlugin:80 - create IPUIPlugin
2026-07-23 13:37:48,170 [INFO] IPUIPlugin:80 - create IPUIPlugin
2026-07-23 13:37:48,170 [INFO] IPUIPlugin:80 - create IPUIPlugin
2026-07-23 13:37:48,170 [INFO] IPUIPlugin:80 - create IPUIPlugin
2026-07-23 13:37:48,170 [INFO] IPUIPlugin:80 - create IPUIPlugin
2026-07-23 13:37:48,170 [INFO] IPUIPlugin:80 - create IPUIPlugin
2026-07-23 13:37:48,170 [INFO] IPUIPlugin:80 - create IPUIPlugin
2026-07-23 13:37:48,170 [INFO] IPUIPlugin:80 - create IPUIPlugin
2026-07-23 13:37:48,170 [INFO] IPUIPlugin:80 - create IPUIPlugin
2026-07-23 13:37:48,171 [INFO] IPUIPlugin:80 - create IPUIPlugin
2026-07-23 13:37:48,171 [INFO] IPUIPlugin:80 - create IPUIPlugin
2026-07-23 13:37:48,171 [INFO] IPUIPlugin:80 - create IPUIPlugin
2026-07-23 13:37:48,171 [INFO] IPUIPlugin:80 - create IPUIPlugin
2026-07-23 13:37:48,171 [INFO] IPUIPlugin:80 - create IPUIPlugin
2026-07-23 13:37:48,171 [INFO] IPUIPlugin:80 - create IPUIPlugin
2026-07-23 13:37:48,171 [INFO] IPUIPlugin:80 - create IPUIPlugin
2026-07-23 13:37:48,171 [INFO] IPUIPlugin:80 - create IPUIPlugin
2026-07-23 13:37:48,171 [INFO] IPUIPlugin:80 - create IPUIPlugin
2026-07-23 13:37:48,172 [INFO] IPUIPlugin:80 - create IPUIPlugin
2026-07-23 13:37:48,172 [INFO] IPUIPlugin:80 - create IPUIPlugin
2026-07-23 13:37:48,172 [INFO] IPUIPlugin:80 - create IPUIPlugin
2026-07-23 13:37:48,172 [INFO] IPUIPlugin:80 - create IPUIPlugin
2026-07-23 13:37:48,172 [INFO] IPUIPlugin:80 - create IPUIPlugin
2026-07-23 13:37:48,172 [INFO] IPUIPlugin:80 - create IPUIPlugin
2026-07-23 13:37:48,172 [INFO] IPUIPlugin:80 - create IPUIPlugin
2026-07-23 13:37:48,172 [INFO] IPUIPlugin:80 - create IPUIPlugin
2026-07-23 13:37:48,172 [INFO] IPUIPlugin:80 - create IPUIPlugin
2026-07-23 13:37:48,173 [INFO] IPUIPlugin:80 - create IPUIPlugin
2026-07-23 13:37:48,173 [INFO] IPUIPlugin:80 - create IPUIPlugin
2026-07-23 13:37:48,196 [INFO] ApiDbMcu:532 - Load IP Config File for PDM2PCM
2026-07-23 13:37:48,247 [WARN] FreeRTOS:1023 - Null or empty value: should not occur! (nothing added to the table)
2026-07-23 13:37:48,509 [INFO] CADModel:165 - CPN selected for project levelSTM32F411RET6
2026-07-23 13:37:48,510 [INFO] CADModel:114 - Register for checkConnection events
2026-07-23 13:37:48,511 [INFO] RtosManager:728 - Active RTOS found at IOC load: FREERTOS [Cortex-M4NS]
2026-07-23 13:37:48,560 [INFO] OpenFileManager:386 - Restore cursor
2026-07-23 13:37:49,366 [INFO] UtilMem:75 - End SaveConfig() Used Memory: 440292760 Bytes (492830720)
2026-07-23 13:37:49,435 [INFO] UtilMem:75 - End SaveConfig() Used Memory: 456946208 Bytes (492830720)
2026-07-23 13:37:49,827 [INFO] BlockDiagram:2775 - set Specific Code input for plugin: SPI
2026-07-23 13:37:49,827 [INFO] BlockDiagram:2775 - set Specific Code input for plugin: NVIC
2026-07-23 13:37:49,827 [INFO] BlockDiagram:2775 - set Specific Code input for plugin: FREERTOS
2026-07-23 13:37:49,827 [INFO] BlockDiagram:2775 - set Specific Code input for plugin: TIM1_8
2026-07-23 13:37:49,827 [INFO] BlockDiagram:2775 - set Specific Code input for plugin: TIM1_8
2026-07-23 13:37:49,827 [INFO] BlockDiagram:2775 - set Specific Code input for plugin: SYS
2026-07-23 13:37:49,828 [INFO] BlockDiagram:2775 - set Specific Code input for plugin: GPIO
2026-07-23 13:37:49,828 [INFO] BlockDiagram:2775 - set Specific Code input for plugin: RCC
2026-07-23 13:37:49,829 [INFO] CodeGenerator:892 - code generatio: config db path: C:\ST\STM32CubeIDE_1.19.0\STM32CubeIDE\plugins\com.st.stm32cube.common.mx_6.15.0.202507011659\\db\
2026-07-23 13:37:49,949 [INFO] CodeEngine:265 - oldGeneratedFile, C:\Github\projectHUD\projectHUD\MXTmpFiles\license.tmp_save
2026-07-23 13:37:50,206 [INFO] CodeEngine:289 - Generated code: C:\Github\projectHUD\projectHUD\MXTmpFiles\license.tmp
2026-07-23 13:37:50,257 [INFO] CodeEngine:265 - oldGeneratedFile, C:\Github\projectHUD\projectHUD\MXTmpFiles\gpio.tmp_save
2026-07-23 13:37:50,369 [INFO] CodeEngine:289 - Generated code: C:\Github\projectHUD\projectHUD\MXTmpFiles\gpio.tmp
2026-07-23 13:37:50,522 [INFO] Middleware:1452 - No code input for Bsp Dependency
2026-07-23 13:37:50,528 [INFO] CodeEngine:265 - oldGeneratedFile, C:\Github\projectHUD\projectHUD\MXTmpFiles\rtos_inc.tmp_save
2026-07-23 13:37:50,580 [INFO] CodeEngine:289 - Generated code: C:\Github\projectHUD\projectHUD\MXTmpFiles\rtos_inc.tmp
2026-07-23 13:37:50,584 [INFO] CodeEngine:265 - oldGeneratedFile, C:\Github\projectHUD\projectHUD\MXTmpFiles\rtos_kernelInit.tmp_save
2026-07-23 13:37:50,646 [INFO] CodeEngine:289 - Generated code: C:\Github\projectHUD\projectHUD\MXTmpFiles\rtos_kernelInit.tmp
2026-07-23 13:37:50,650 [INFO] CodeEngine:265 - oldGeneratedFile, C:\Github\projectHUD\projectHUD\MXTmpFiles\rtos_kernelStart.tmp_save
2026-07-23 13:37:50,698 [INFO] CodeEngine:289 - Generated code: C:\Github\projectHUD\projectHUD\MXTmpFiles\rtos_kernelStart.tmp
2026-07-23 13:37:50,702 [INFO] CodeEngine:265 - oldGeneratedFile, C:\Github\projectHUD\projectHUD\MXTmpFiles\rtos_typedefs.tmp_save
2026-07-23 13:37:50,753 [INFO] CodeEngine:289 - Generated code: C:\Github\projectHUD\projectHUD\MXTmpFiles\rtos_typedefs.tmp
2026-07-23 13:37:50,757 [INFO] CodeEngine:265 - oldGeneratedFile, C:\Github\projectHUD\projectHUD\MXTmpFiles\rtos_vars.tmp_save
2026-07-23 13:37:50,810 [INFO] CodeEngine:289 - Generated code: C:\Github\projectHUD\projectHUD\MXTmpFiles\rtos_vars.tmp
2026-07-23 13:37:50,814 [INFO] CodeEngine:265 - oldGeneratedFile, C:\Github\projectHUD\projectHUD\MXTmpFiles\rtos_pfp.tmp_save
2026-07-23 13:37:50,856 [INFO] CodeEngine:289 - Generated code: C:\Github\projectHUD\projectHUD\MXTmpFiles\rtos_pfp.tmp
2026-07-23 13:37:50,860 [INFO] CodeEngine:265 - oldGeneratedFile, C:\Github\projectHUD\projectHUD\MXTmpFiles\rtos_obj_creat.tmp_save
2026-07-23 13:37:50,908 [INFO] CodeEngine:289 - Generated code: C:\Github\projectHUD\projectHUD\MXTmpFiles\rtos_obj_creat.tmp
2026-07-23 13:37:50,912 [INFO] CodeEngine:265 - oldGeneratedFile, C:\Github\projectHUD\projectHUD\MXTmpFiles\rtos_default_thread.tmp_save
2026-07-23 13:37:50,953 [INFO] CodeEngine:289 - Generated code: C:\Github\projectHUD\projectHUD\MXTmpFiles\rtos_default_thread.tmp
2026-07-23 13:37:50,956 [INFO] CodeEngine:265 - oldGeneratedFile, C:\Github\projectHUD\projectHUD\MXTmpFiles\rtos_threads.tmp_save
2026-07-23 13:37:50,997 [INFO] CodeEngine:289 - Generated code: C:\Github\projectHUD\projectHUD\MXTmpFiles\rtos_threads.tmp
2026-07-23 13:37:51,016 [INFO] Middleware:1452 - No code input for Bsp Dependency
2026-07-23 13:37:51,023 [INFO] CodeEngine:265 - oldGeneratedFile, C:\Github\projectHUD\projectHUD\MXTmpFiles\rtos_inc.tmp_save
2026-07-23 13:37:51,063 [INFO] CodeEngine:289 - Generated code: C:\Github\projectHUD\projectHUD\MXTmpFiles\rtos_inc.tmp
2026-07-23 13:37:51,068 [INFO] CodeEngine:265 - oldGeneratedFile, C:\Github\projectHUD\projectHUD\MXTmpFiles\rtos_kernelInit.tmp_save
2026-07-23 13:37:51,104 [INFO] CodeEngine:289 - Generated code: C:\Github\projectHUD\projectHUD\MXTmpFiles\rtos_kernelInit.tmp
2026-07-23 13:37:51,108 [INFO] CodeEngine:265 - oldGeneratedFile, C:\Github\projectHUD\projectHUD\MXTmpFiles\rtos_kernelStart.tmp_save
2026-07-23 13:37:51,150 [INFO] CodeEngine:289 - Generated code: C:\Github\projectHUD\projectHUD\MXTmpFiles\rtos_kernelStart.tmp
2026-07-23 13:37:51,155 [INFO] CodeEngine:265 - oldGeneratedFile, C:\Github\projectHUD\projectHUD\MXTmpFiles\rtos_typedefs.tmp_save
2026-07-23 13:37:51,192 [INFO] CodeEngine:289 - Generated code: C:\Github\projectHUD\projectHUD\MXTmpFiles\rtos_typedefs.tmp
2026-07-23 13:37:51,197 [INFO] CodeEngine:265 - oldGeneratedFile, C:\Github\projectHUD\projectHUD\MXTmpFiles\rtos_vars.tmp_save
2026-07-23 13:37:51,244 [INFO] CodeEngine:289 - Generated code: C:\Github\projectHUD\projectHUD\MXTmpFiles\rtos_vars.tmp
2026-07-23 13:37:51,249 [INFO] CodeEngine:265 - oldGeneratedFile, C:\Github\projectHUD\projectHUD\MXTmpFiles\rtos_pfp.tmp_save
2026-07-23 13:37:51,283 [INFO] CodeEngine:289 - Generated code: C:\Github\projectHUD\projectHUD\MXTmpFiles\rtos_pfp.tmp
2026-07-23 13:37:51,287 [INFO] CodeEngine:265 - oldGeneratedFile, C:\Github\projectHUD\projectHUD\MXTmpFiles\rtos_obj_creat.tmp_save
2026-07-23 13:37:51,319 [INFO] CodeEngine:289 - Generated code: C:\Github\projectHUD\projectHUD\MXTmpFiles\rtos_obj_creat.tmp
2026-07-23 13:37:51,324 [INFO] CodeEngine:265 - oldGeneratedFile, C:\Github\projectHUD\projectHUD\MXTmpFiles\rtos_default_thread.tmp_save
2026-07-23 13:37:51,354 [INFO] CodeEngine:289 - Generated code: C:\Github\projectHUD\projectHUD\MXTmpFiles\rtos_default_thread.tmp
2026-07-23 13:37:51,358 [INFO] CodeEngine:265 - oldGeneratedFile, C:\Github\projectHUD\projectHUD\MXTmpFiles\rtos_threads.tmp_save
2026-07-23 13:37:51,388 [INFO] CodeEngine:289 - Generated code: C:\Github\projectHUD\projectHUD\MXTmpFiles\rtos_threads.tmp
2026-07-23 13:37:51,391 [INFO] CodeEngine:265 - oldGeneratedFile, C:\Github\projectHUD\projectHUD\Core\Inc\FreeRTOSConfig.h_save
2026-07-23 13:37:51,447 [INFO] CodeEngine:289 - Generated code: C:\Github\projectHUD\projectHUD\Core\Inc\FreeRTOSConfig.h
2026-07-23 13:37:51,451 [INFO] CodeEngine:265 - oldGeneratedFile, C:\Github\projectHUD\projectHUD\Core\Src\freertos.c_save
2026-07-23 13:37:51,497 [INFO] CodeEngine:289 - Generated code: C:\Github\projectHUD\projectHUD\Core\Src\freertos.c
2026-07-23 13:37:51,506 [INFO] CodeEngine:265 - oldGeneratedFile, C:\Github\projectHUD\projectHUD\Core\Src\stm32f4xx_it.c_save
2026-07-23 13:37:51,568 [INFO] CodeEngine:289 - Generated code: C:\Github\projectHUD\projectHUD\Core\Src\stm32f4xx_it.c
2026-07-23 13:37:51,570 [INFO] CodeEngine:265 - oldGeneratedFile, C:\Github\projectHUD\projectHUD\Core\Inc\stm32f4xx_it.h_save
2026-07-23 13:37:51,605 [INFO] CodeEngine:289 - Generated code: C:\Github\projectHUD\projectHUD\Core\Inc\stm32f4xx_it.h
2026-07-23 13:37:51,615 [INFO] CodeEngine:265 - oldGeneratedFile, C:\Github\projectHUD\projectHUD\Core\Src\stm32f4xx_hal_msp.c_save
2026-07-23 13:37:51,685 [INFO] CodeEngine:289 - Generated code: C:\Github\projectHUD\projectHUD\Core\Src\stm32f4xx_hal_msp.c
2026-07-23 13:37:51,687 [INFO] CodeEngine:265 - oldGeneratedFile, C:\Github\projectHUD\projectHUD\MXTmpFiles\system.tmp_save
2026-07-23 13:37:51,720 [INFO] CodeEngine:289 - Generated code: C:\Github\projectHUD\projectHUD\MXTmpFiles\system.tmp
2026-07-23 13:37:51,723 [INFO] CodeEngine:265 - oldGeneratedFile, C:\Github\projectHUD\projectHUD\Core\Src\stm32f4xx_hal_timebase_tim.c_save
2026-07-23 13:37:51,759 [INFO] CodeEngine:289 - Generated code: C:\Github\projectHUD\projectHUD\Core\Src\stm32f4xx_hal_timebase_tim.c
2026-07-23 13:37:51,765 [INFO] CodeEngine:321 - oldGeneratedFile, C:\Github\projectHUD\projectHUD\Core\Inc\stm32f4xx_hal_conf.h_save
2026-07-23 13:37:51,815 [INFO] CodeEngine:345 - Generated code: C:\Github\projectHUD\projectHUD\Core\Inc\stm32f4xx_hal_conf.h
2026-07-23 13:37:51,854 [INFO] ApiDbMcu:532 - Load IP Config File for SPI2
2026-07-23 13:37:51,866 [INFO] ApiDbMcu:532 - Load IP Config File for TIM2
2026-07-23 13:37:51,875 [INFO] ApiDbMcu:532 - Load IP Config File for TIM3
2026-07-23 13:37:51,878 [INFO] ApiDbMcu:532 - Load IP Config File for RCC
2026-07-23 13:37:51,881 [WARN] IPConfigManager:3811 - IP not found : TIM
2026-07-23 13:37:51,882 [WARN] CodeGenerator:4259 - IP not found : null
2026-07-23 13:37:51,889 [INFO] CodeEngine:265 - oldGeneratedFile, C:\Github\projectHUD\projectHUD\Core\Inc\main.h_save
2026-07-23 13:37:51,939 [INFO] CodeEngine:289 - Generated code: C:\Github\projectHUD\projectHUD\Core\Inc\main.h
2026-07-23 13:37:51,942 [INFO] CodeEngine:265 - oldGeneratedFile, C:\Github\projectHUD\projectHUD\Core\Src\main.c_save
2026-07-23 13:37:52,031 [INFO] CodeEngine:289 - Generated code: C:\Github\projectHUD\projectHUD\Core\Src\main.c
2026-07-23 13:37:52,244 [INFO] ProjectBuilder:3606 - Time for Copy HAL[1] : 117mS.
2026-07-23 13:37:52,251 [INFO] ProjectBuilder:5216 - Project Generator version: 4.7.0-B52
2026-07-23 13:37:52,297 [INFO] ConfigFileManager:1595 - The Die is : DIE431
2026-07-23 13:37:52,302 [INFO] ApiDbMcu:532 - Load IP Config File for FATFS
2026-07-23 13:37:52,304 [INFO] ApiDbMcu:532 - Load IP Config File for LIBJPEG
2026-07-23 13:37:52,310 [INFO] ApiDbMcu:532 - Load IP Config File for MBEDTLS
2026-07-23 13:37:52,314 [INFO] ApiDbMcu:532 - Load IP Config File for USB_DEVICE
2026-07-23 13:37:52,318 [INFO] ApiDbMcu:532 - Load IP Config File for USB_HOST
2026-07-23 13:37:52,575 [INFO] LogOutputStream:77 - [STDOUT_REDIRECT] 
2026-07-23 13:37:54,310 [INFO] ProjectBuilder:5496 - Time for Generating toolchain IDE Files: 2059mS.
2026-07-23 13:37:54,311 [INFO] ProjectBuilder:3463 - Time for Copy CMSIS : 1mS.
2026-07-23 13:37:54,314 [INFO] ProjectBuilder:3463 - Time for Copy CMSIS : 0mS.
2026-07-23 13:37:54,886 [INFO] McuFinderGlobals:76 - Set McuFinderConnectedMode to true
2026-07-23 13:37:54,923 [INFO] ApiDb:448 - Save user favorites file C:\Users\danny/.stm32cubeide/favorites.mcus.txt: 3 item(s)
2026-07-23 13:37:54,923 [INFO] ApiDb:452 - User favorites MCUs=[STM32F407IGH6TR, STM32F411CEU6, STM32F411RET6]
2026-07-23 13:37:55,096 [ERROR] LogOutputStream:75 - [STDERR_REDIRECT] Exception in thread "AWT-EventQueue-0" java.awt.IllegalComponentStateException: Native resources unavailable
2026-07-23 13:37:55,098 [ERROR] LogOutputStream:75 - [STDERR_REDIRECT] 	at java.desktop/sun.awt.windows.WWindowPeer.getScreenImOn(Native Method)
2026-07-23 13:37:55,099 [ERROR] LogOutputStream:75 - [STDERR_REDIRECT] 	at java.desktop/sun.awt.windows.WWindowPeer.updateGC(WWindowPeer.java:566)
2026-07-23 13:37:55,100 [ERROR] LogOutputStream:75 - [STDERR_REDIRECT] 	at java.desktop/java.awt.event.InvocationEvent.dispatch(InvocationEvent.java:318)
2026-07-23 13:37:55,101 [ERROR] LogOutputStream:75 - [STDERR_REDIRECT] 	at java.desktop/java.awt.EventQueue.dispatchEventImpl(EventQueue.java:773)
2026-07-23 13:37:55,102 [ERROR] LogOutputStream:75 - [STDERR_REDIRECT] 	at java.desktop/java.awt.EventQueue$4.run(EventQueue.java:720)
2026-07-23 13:37:55,103 [ERROR] LogOutputStream:75 - [STDERR_REDIRECT] 	at java.desktop/java.awt.EventQueue$4.run(EventQueue.java:714)
2026-07-23 13:37:55,104 [ERROR] LogOutputStream:75 - [STDERR_REDIRECT] 	at java.base/java.security.AccessController.doPrivileged(AccessController.java:400)
2026-07-23 13:37:55,105 [ERROR] LogOutputStream:75 - [STDERR_REDIRECT] 	at java.base/java.security.ProtectionDomain$JavaSecurityAccessImpl.doIntersectionPrivilege(ProtectionDomain.java:87)
2026-07-23 13:37:55,106 [ERROR] LogOutputStream:75 - [STDERR_REDIRECT] 	at java.base/java.security.ProtectionDomain$JavaSecurityAccessImpl.doIntersectionPrivilege(ProtectionDomain.java:98)
2026-07-23 13:37:55,108 [ERROR] LogOutputStream:75 - [STDERR_REDIRECT] 	at java.desktop/java.awt.EventQueue$5.run(EventQueue.java:747)
2026-07-23 13:37:55,109 [ERROR] LogOutputStream:75 - [STDERR_REDIRECT] 	at java.desktop/java.awt.EventQueue$5.run(EventQueue.java:745)
2026-07-23 13:37:55,111 [ERROR] LogOutputStream:75 - [STDERR_REDIRECT] 	at java.base/java.security.AccessController.doPrivileged(AccessController.java:400)
2026-07-23 13:37:55,112 [ERROR] LogOutputStream:75 - [STDERR_REDIRECT] 	at java.base/java.security.ProtectionDomain$JavaSecurityAccessImpl.doIntersectionPrivilege(ProtectionDomain.java:87)
2026-07-23 13:37:55,114 [ERROR] LogOutputStream:75 - [STDERR_REDIRECT] 	at java.desktop/java.awt.EventQueue.dispatchEvent(EventQueue.java:744)
2026-07-23 13:37:55,115 [ERROR] LogOutputStream:75 - [STDERR_REDIRECT] 	at java.desktop/java.awt.EventDispatchThread.pumpOneEventForFilters(EventDispatchThread.java:203)
2026-07-23 13:37:55,117 [ERROR] LogOutputStream:75 - [STDERR_REDIRECT] 	at java.desktop/java.awt.EventDispatchThread.pumpEventsForFilter(EventDispatchThread.java:124)
2026-07-23 13:37:55,118 [ERROR] LogOutputStream:75 - [STDERR_REDIRECT] 	at java.desktop/java.awt.EventDispatchThread.pumpEventsForHierarchy(EventDispatchThread.java:113)
2026-07-23 13:37:55,119 [ERROR] LogOutputStream:75 - [STDERR_REDIRECT] 	at java.desktop/java.awt.EventDispatchThread.pumpEvents(EventDispatchThread.java:109)
2026-07-23 13:37:55,120 [ERROR] LogOutputStream:75 - [STDERR_REDIRECT] 	at java.desktop/java.awt.EventDispatchThread.pumpEvents(EventDispatchThread.java:101)
2026-07-23 13:37:55,121 [ERROR] LogOutputStream:75 - [STDERR_REDIRECT] 	at java.desktop/java.awt.EventDispatchThread.run(EventDispatchThread.java:90)
2026-07-23 13:38:41,765 [ERROR] LogOutputStream:75 - [STDERR_REDIRECT] 
2026-07-23 13:38:41,767 [ERROR] LogOutputStream:75 - [STDERR_REDIRECT] 
2026-07-23 13:38:48,756 [INFO] Activator:176 - 


2026-07-23 13:38:48,756 [INFO] Activator:177 - !SESSION log4j initialized
2026-07-23 13:38:51,766 [INFO] LogOutputStream:77 - [STDOUT_REDIRECT] 
2026-07-23 13:38:52,828 [INFO] ApplicationProperties:184 - Using Application install path: C:\ST\STM32CubeIDE_1.19.0\STM32CubeIDE\plugins\com.st.stm32cube.common.mx_6.15.0.202507011659
2026-07-23 13:38:52,855 [INFO] DbMcusXml:78 - Set database path to: C:\ST\STM32CubeIDE_1.19.0\STM32CubeIDE\plugins\com.st.stm32cube.common.mx_6.15.0.202507011659\\db\/mcu/
2026-07-23 13:38:52,855 [INFO] ApiDb:274 - Set plugin database path to: C:\ST\STM32CubeIDE_1.19.0\STM32CubeIDE\plugins\com.st.stm32cube.common.mx_6.15.0.202507011659\\db\/plugins/boardmanager/
2026-07-23 13:38:52,855 [WARN] ApiDb:259 - Overriding images path with different value:  => C:\ST\STM32CubeIDE_1.19.0\STM32CubeIDE\plugins\com.st.stm32cube.common.mx_6.15.0.202507011659\\db\/plugins/mcufinder/images/
2026-07-23 13:38:52,864 [INFO] ApiDb:250 - Set database path to: C:\Users\danny\.stmcufinder\plugins\mcufinder//mcu/
2026-07-23 13:38:52,866 [INFO] DbMcusAds:125 - Set database path to: C:\Users\danny\.stmcufinder\plugins\mcufinder//mcu/
2026-07-23 13:38:52,871 [INFO] CrossReferenceDbSqlite:203 - Set database path to: C:\Users\danny\.stmcufinder\plugins\mcufinder//mcu/cs/
2026-07-23 13:38:53,246 [INFO] RulesReader:64 - Compatibility file has been processed (317 Rules)
2026-07-23 13:38:53,550 [INFO] DbMcusXml:78 - Set database path to: C:\ST\STM32CubeIDE_1.19.0\STM32CubeIDE\plugins\com.st.stm32cube.common.mx_6.15.0.202507011659\\db\/mcu/
2026-07-23 13:38:53,551 [INFO] ApiDb:274 - Set plugin database path to: C:\ST\STM32CubeIDE_1.19.0\STM32CubeIDE\plugins\com.st.stm32cube.common.mx_6.15.0.202507011659\\db\/plugins/boardmanager/
2026-07-23 13:38:53,551 [INFO] ApiDb:261 - Set plugin images path to: C:\ST\STM32CubeIDE_1.19.0\STM32CubeIDE\plugins\com.st.stm32cube.common.mx_6.15.0.202507011659\\db\/plugins/mcufinder/images/
2026-07-23 13:38:53,552 [WARN] DbFile:41 - Overriding database path with different value: C:\Users\danny\.stmcufinder\plugins\mcufinder/ => C:\Users\danny\.stmcufinder\plugins\mcufinder
2026-07-23 13:38:53,553 [INFO] ApiDb:250 - Set database path to: C:\Users\danny\.stmcufinder\plugins\mcufinder//mcu/
2026-07-23 13:38:53,553 [WARN] DbFile:41 - Overriding database path with different value: C:\Users\danny\.stmcufinder\plugins\mcufinder/ => C:\Users\danny\.stmcufinder\plugins\mcufinder
2026-07-23 13:38:53,553 [INFO] DbMcusAds:125 - Set database path to: C:\Users\danny\.stmcufinder\plugins\mcufinder//mcu/
2026-07-23 13:38:53,554 [WARN] DbFile:41 - Overriding database path with different value: C:\Users\danny\.stmcufinder\plugins\mcufinder/ => C:\Users\danny\.stmcufinder\plugins\mcufinder
2026-07-23 13:38:53,554 [WARN] DbFile:41 - Overriding database path with different value: C:\Users\danny\.stmcufinder\plugins\mcufinder/ => C:\Users\danny\.stmcufinder\plugins\mcufinder
2026-07-23 13:38:53,554 [INFO] CrossReferenceDbSqlite:203 - Set database path to: C:\Users\danny\.stmcufinder\plugins\mcufinder//mcu/cs/
2026-07-23 13:38:53,670 [INFO] MainPanel:274 - HeapMemory: 268435456
2026-07-23 13:39:00,708 [INFO] Activator:176 - 


2026-07-23 13:39:00,708 [INFO] Activator:177 - !SESSION log4j initialized
2026-07-23 13:39:03,404 [INFO] LogOutputStream:77 - [STDOUT_REDIRECT] 
2026-07-23 13:39:03,943 [INFO] ApplicationProperties:184 - Using Application install path: C:\ST\STM32CubeIDE_1.19.0\STM32CubeIDE\plugins\com.st.stm32cube.common.mx_6.15.0.202507011659
2026-07-23 13:39:03,956 [INFO] DbMcusXml:78 - Set database path to: C:\ST\STM32CubeIDE_1.19.0\STM32CubeIDE\plugins\com.st.stm32cube.common.mx_6.15.0.202507011659\\db\/mcu/
2026-07-23 13:39:03,956 [INFO] ApiDb:274 - Set plugin database path to: C:\ST\STM32CubeIDE_1.19.0\STM32CubeIDE\plugins\com.st.stm32cube.common.mx_6.15.0.202507011659\\db\/plugins/boardmanager/
2026-07-23 13:39:03,957 [WARN] ApiDb:259 - Overriding images path with different value:  => C:\ST\STM32CubeIDE_1.19.0\STM32CubeIDE\plugins\com.st.stm32cube.common.mx_6.15.0.202507011659\\db\/plugins/mcufinder/images/
2026-07-23 13:39:03,960 [INFO] ApiDb:250 - Set database path to: C:\Users\danny\.stmcufinder\plugins\mcufinder//mcu/
2026-07-23 13:39:03,961 [INFO] DbMcusAds:125 - Set database path to: C:\Users\danny\.stmcufinder\plugins\mcufinder//mcu/
2026-07-23 13:39:03,962 [INFO] CrossReferenceDbSqlite:203 - Set database path to: C:\Users\danny\.stmcufinder\plugins\mcufinder//mcu/cs/
2026-07-23 13:39:04,044 [INFO] RulesReader:64 - Compatibility file has been processed (317 Rules)
2026-07-23 13:39:04,104 [INFO] DbMcusXml:78 - Set database path to: C:\ST\STM32CubeIDE_1.19.0\STM32CubeIDE\plugins\com.st.stm32cube.common.mx_6.15.0.202507011659\\db\/mcu/
2026-07-23 13:39:04,104 [INFO] ApiDb:274 - Set plugin database path to: C:\ST\STM32CubeIDE_1.19.0\STM32CubeIDE\plugins\com.st.stm32cube.common.mx_6.15.0.202507011659\\db\/plugins/boardmanager/
2026-07-23 13:39:04,105 [INFO] ApiDb:261 - Set plugin images path to: C:\ST\STM32CubeIDE_1.19.0\STM32CubeIDE\plugins\com.st.stm32cube.common.mx_6.15.0.202507011659\\db\/plugins/mcufinder/images/
2026-07-23 13:39:04,105 [WARN] DbFile:41 - Overriding database path with different value: C:\Users\danny\.stmcufinder\plugins\mcufinder/ => C:\Users\danny\.stmcufinder\plugins\mcufinder
2026-07-23 13:39:04,105 [INFO] ApiDb:250 - Set database path to: C:\Users\danny\.stmcufinder\plugins\mcufinder//mcu/
2026-07-23 13:39:04,105 [WARN] DbFile:41 - Overriding database path with different value: C:\Users\danny\.stmcufinder\plugins\mcufinder/ => C:\Users\danny\.stmcufinder\plugins\mcufinder
2026-07-23 13:39:04,105 [INFO] DbMcusAds:125 - Set database path to: C:\Users\danny\.stmcufinder\plugins\mcufinder//mcu/
2026-07-23 13:39:04,105 [WARN] DbFile:41 - Overriding database path with different value: C:\Users\danny\.stmcufinder\plugins\mcufinder/ => C:\Users\danny\.stmcufinder\plugins\mcufinder
2026-07-23 13:39:04,105 [WARN] DbFile:41 - Overriding database path with different value: C:\Users\danny\.stmcufinder\plugins\mcufinder/ => C:\Users\danny\.stmcufinder\plugins\mcufinder
2026-07-23 13:39:04,105 [INFO] CrossReferenceDbSqlite:203 - Set database path to: C:\Users\danny\.stmcufinder\plugins\mcufinder//mcu/cs/
2026-07-23 13:39:04,148 [INFO] MainPanel:274 - HeapMemory: 268435456
2026-07-23 13:39:04,227 [INFO] DbMcusXml:78 - Set database path to: C:\ST\STM32CubeIDE_1.19.0\STM32CubeIDE\plugins\com.st.stm32cube.common.mx_6.15.0.202507011659\\db\/mcu/
2026-07-23 13:39:04,227 [INFO] ApiDb:274 - Set plugin database path to: C:\ST\STM32CubeIDE_1.19.0\STM32CubeIDE\plugins\com.st.stm32cube.common.mx_6.15.0.202507011659\\db\/plugins/boardmanager/
2026-07-23 13:39:04,227 [INFO] ApiDb:261 - Set plugin images path to: C:\ST\STM32CubeIDE_1.19.0\STM32CubeIDE\plugins\com.st.stm32cube.common.mx_6.15.0.202507011659\\db\/plugins/mcufinder/images/
2026-07-23 13:39:04,227 [WARN] DbFile:41 - Overriding database path with different value: C:\Users\danny\.stmcufinder\plugins\mcufinder/ => C:\Users\danny\.stmcufinder\plugins\mcufinder
2026-07-23 13:39:04,227 [INFO] ApiDb:250 - Set database path to: C:\Users\danny\.stmcufinder\plugins\mcufinder//mcu/
2026-07-23 13:39:04,227 [WARN] DbFile:41 - Overriding database path with different value: C:\Users\danny\.stmcufinder\plugins\mcufinder/ => C:\Users\danny\.stmcufinder\plugins\mcufinder
2026-07-23 13:39:04,228 [INFO] DbMcusAds:125 - Set database path to: C:\Users\danny\.stmcufinder\plugins\mcufinder//mcu/
2026-07-23 13:39:04,228 [WARN] DbFile:41 - Overriding database path with different value: C:\Users\danny\.stmcufinder\plugins\mcufinder/ => C:\Users\danny\.stmcufinder\plugins\mcufinder
2026-07-23 13:39:04,228 [WARN] DbFile:41 - Overriding database path with different value: C:\Users\danny\.stmcufinder\plugins\mcufinder/ => C:\Users\danny\.stmcufinder\plugins\mcufinder
2026-07-23 13:39:04,228 [INFO] CrossReferenceDbSqlite:203 - Set database path to: C:\Users\danny\.stmcufinder\plugins\mcufinder//mcu/cs/
2026-07-23 13:39:04,241 [INFO] ApplicationProperties:184 - Using Application install path: C:\ST\STM32CubeIDE_1.19.0\STM32CubeIDE\plugins\com.st.stm32cube.common.mx_6.15.0.202507011659
2026-07-23 13:39:04,242 [INFO] PluginManage:196 - Search for loadable plugins [exclusion list=, ]
2026-07-23 13:39:04,243 [INFO] PluginManage:310 - Check plugin analytics
2026-07-23 13:39:04,352 [INFO] AnalyticsPlugin:253 - Accepted Software Licenses: 
2026-07-23 13:39:04,352 [INFO] AnalyticsPlugin:255 - Accepted CMSIS Pack Licenses: 
2026-07-23 13:39:04,352 [INFO] AnalyticsPlugin:257 - Accepted Firmware Licenses: 
2026-07-23 13:39:04,354 [INFO] PluginManage:359 - Loaded plugin analytics (category:tool,tabindex:-1)
2026-07-23 13:39:04,354 [INFO] PluginManage:310 - Check plugin cadmodel
2026-07-23 13:39:04,357 [INFO] CADModel:105 - Init CAD model plugin
2026-07-23 13:39:04,357 [INFO] PluginManage:359 - Loaded plugin cadmodel (category:power,tabindex:5)
2026-07-23 13:39:04,357 [INFO] PluginManage:310 - Check plugin clock
2026-07-23 13:39:04,362 [INFO] PluginManage:359 - Loaded plugin clock (category:base,tabindex:2)
2026-07-23 13:39:04,362 [INFO] PluginManage:310 - Check plugin ddr
2026-07-23 13:39:04,363 [INFO] PluginManage:359 - Loaded plugin ddr (category:tool,tabindex:6)
2026-07-23 13:39:04,363 [INFO] PluginManage:310 - Check plugin filemanager
2026-07-23 13:39:04,453 [INFO] PluginManage:359 - Loaded plugin filemanager (category:base,tabindex:10)
2026-07-23 13:39:04,454 [INFO] PluginManage:310 - Check plugin ipmanager
2026-07-23 13:39:04,458 [INFO] PluginManage:359 - Loaded plugin ipmanager (category:base,tabindex:5)
2026-07-23 13:39:04,458 [INFO] PluginManage:310 - Check plugin lpbam
2026-07-23 13:39:04,464 [INFO] PluginManage:359 - Loaded plugin lpbam (category:base,tabindex:0)
2026-07-23 13:39:04,464 [INFO] PluginManage:310 - Check plugin memorymap
2026-07-23 13:39:04,471 [INFO] PluginManage:359 - Loaded plugin memorymap (category:base,tabindex:4)
2026-07-23 13:39:04,471 [INFO] PluginManage:310 - Check plugin pinoutandconfiguration
2026-07-23 13:39:04,476 [INFO] PluginManage:359 - Loaded plugin pinoutandconfiguration (category:base,tabindex:1)
2026-07-23 13:39:04,477 [INFO] PluginManage:310 - Check plugin pinoutconfig
2026-07-23 13:39:04,524 [WARN] SupportedApi:132 - Cannot load RTOS API schema: s4s-elt-must-match.1: The content of 'definitions' must match (annotation?, (simpleType | complexType)?, (unique | key | keyref)*)). A problem was found starting at: attribute.
2026-07-23 13:39:04,597 [INFO] PluginManage:359 - Loaded plugin pinoutconfig (category:base,tabindex:0)
2026-07-23 13:39:04,597 [INFO] PluginManage:310 - Check plugin power
2026-07-23 13:39:04,601 [INFO] PluginManage:359 - Loaded plugin power (category:power,tabindex:4)
2026-07-23 13:39:04,601 [INFO] PluginManage:310 - Check plugin projectmanager
2026-07-23 13:39:04,612 [INFO] PluginManage:359 - Loaded plugin projectmanager (category:projectmanager,tabindex:4)
2026-07-23 13:39:04,612 [INFO] PluginManage:310 - Check plugin rif
2026-07-23 13:39:04,618 [INFO] PluginManage:359 - Loaded plugin rif (category:base,tabindex:3)
2026-07-23 13:39:04,618 [INFO] PluginManage:310 - Check plugin thirdparty
2026-07-23 13:39:04,696 [INFO] PluginManage:359 - Loaded plugin thirdparty (category:base,tabindex:-1)
2026-07-23 13:39:04,696 [WARN] IntegrityCheckThread:84 - waiting for thirdparty lock release [integrity check]
2026-07-23 13:39:04,697 [INFO] PluginManage:310 - Check plugin tools
2026-07-23 13:39:04,697 [INFO] IntegrityCheckThread:86 - entering critical section [integrity check]
2026-07-23 13:39:04,697 [INFO] ThirdPartyUpdaterWithRetryManager:70 - Updater plugin not ready yet. [1/15]
2026-07-23 13:39:04,699 [INFO] PluginManage:359 - Loaded plugin tools (category:base,tabindex:7)
2026-07-23 13:39:04,699 [INFO] PluginManage:310 - Check plugin tutovideos
2026-07-23 13:39:04,816 [INFO] PluginManage:359 - Loaded plugin tutovideos (category:base,tabindex:-1)
2026-07-23 13:39:04,816 [INFO] PluginManage:310 - Check plugin updater
2026-07-23 13:39:04,831 [INFO] PluginManage:359 - Loaded plugin updater (category:base,tabindex:12)
2026-07-23 13:39:04,831 [INFO] PluginManage:310 - Check plugin userauth
2026-07-23 13:39:04,834 [INFO] UserAuth:118 - Init User Auth plugin
2026-07-23 13:39:04,835 [INFO] PluginManage:359 - Loaded plugin userauth (category:base,tabindex:14)
2026-07-23 13:39:04,835 [INFO] PluginManage:283 - PluginManage : Loaded plugins [18]
2026-07-23 13:39:04,978 [INFO] PinOutPanel:1589 - setPackage(No Configuration,No Configuration)
2026-07-23 13:39:05,039 [INFO] CADModel:165 - CPN selected for project level
2026-07-23 13:39:05,039 [INFO] CADModel:114 - Register for checkConnection events
2026-07-23 13:39:05,051 [INFO] IPUIPlugin:80 - create IPUIPlugin
2026-07-23 13:39:05,052 [INFO] PluginManager:220 - loadIPPluginJar : add adc
2026-07-23 13:39:05,053 [INFO] IPUIPlugin:80 - create IPUIPlugin
2026-07-23 13:39:05,054 [INFO] PluginManager:220 - loadIPPluginJar : add aes
2026-07-23 13:39:05,056 [INFO] IPUIPlugin:80 - create IPUIPlugin
2026-07-23 13:39:05,056 [INFO] PluginManager:220 - loadIPPluginJar : add can
2026-07-23 13:39:05,058 [INFO] IPUIPlugin:80 - create IPUIPlugin
2026-07-23 13:39:05,058 [INFO] PluginManager:220 - loadIPPluginJar : add comp
2026-07-23 13:39:05,059 [INFO] IPUIPlugin:80 - create IPUIPlugin
2026-07-23 13:39:05,060 [INFO] PluginManager:220 - loadIPPluginJar : add cryp
2026-07-23 13:39:05,061 [INFO] IPUIPlugin:80 - create IPUIPlugin
2026-07-23 13:39:05,061 [INFO] PluginManager:220 - loadIPPluginJar : add ddr_ctrl_phy
2026-07-23 13:39:05,063 [INFO] IPUIPlugin:80 - create IPUIPlugin
2026-07-23 13:39:05,063 [INFO] PluginManager:220 - loadIPPluginJar : add dfsdm
2026-07-23 13:39:05,066 [INFO] IPUIPlugin:80 - create IPUIPlugin
2026-07-23 13:39:05,067 [INFO] PluginManager:220 - loadIPPluginJar : add dma
2026-07-23 13:39:05,068 [INFO] IPUIPlugin:80 - create IPUIPlugin
2026-07-23 13:39:05,068 [INFO] PluginManager:220 - loadIPPluginJar : add dma3
2026-07-23 13:39:05,070 [INFO] IPUIPlugin:80 - create IPUIPlugin
2026-07-23 13:39:05,071 [INFO] PluginManager:220 - loadIPPluginJar : add extmemmanager
2026-07-23 13:39:05,071 [INFO] IPUIPlugin:80 - create IPUIPlugin
2026-07-23 13:39:05,071 [INFO] PluginManager:220 - loadIPPluginJar : add fatfs
2026-07-23 13:39:05,074 [INFO] IPUIPlugin:80 - create IPUIPlugin
2026-07-23 13:39:05,075 [INFO] PluginManager:220 - loadIPPluginJar : add fmc
2026-07-23 13:39:05,078 [INFO] IPUIPlugin:80 - create IPUIPlugin
2026-07-23 13:39:05,079 [INFO] PluginManager:220 - loadIPPluginJar : add freertos
2026-07-23 13:39:05,079 [INFO] IPUIPlugin:80 - create IPUIPlugin
2026-07-23 13:39:05,080 [INFO] PluginManager:220 - loadIPPluginJar : add genericplugin
2026-07-23 13:39:05,081 [INFO] IPUIPlugin:80 - create IPUIPlugin
2026-07-23 13:39:05,081 [INFO] PluginManager:220 - loadIPPluginJar : add gfxmmu
2026-07-23 13:39:05,084 [INFO] IPUIPlugin:80 - create IPUIPlugin
2026-07-23 13:39:05,084 [INFO] PluginManager:220 - loadIPPluginJar : add gic
2026-07-23 13:39:05,087 [INFO] IPUIPlugin:80 - create IPUIPlugin
2026-07-23 13:39:05,087 [INFO] PluginManager:220 - loadIPPluginJar : add gpio
2026-07-23 13:39:05,088 [INFO] IPUIPlugin:80 - create IPUIPlugin
2026-07-23 13:39:05,088 [INFO] PluginManager:220 - loadIPPluginJar : add gtzc
2026-07-23 13:39:05,089 [INFO] IPUIPlugin:80 - create IPUIPlugin
2026-07-23 13:39:05,089 [INFO] PluginManager:220 - loadIPPluginJar : add hash
2026-07-23 13:39:05,091 [INFO] IPUIPlugin:80 - create IPUIPlugin
2026-07-23 13:39:05,091 [INFO] PluginManager:220 - loadIPPluginJar : add i2c
2026-07-23 13:39:05,092 [INFO] IPUIPlugin:80 - create IPUIPlugin
2026-07-23 13:39:05,093 [INFO] PluginManager:220 - loadIPPluginJar : add i2s
2026-07-23 13:39:05,094 [INFO] IPUIPlugin:80 - create IPUIPlugin
2026-07-23 13:39:05,094 [INFO] PluginManager:220 - loadIPPluginJar : add i3c
2026-07-23 13:39:05,096 [INFO] IPUIPlugin:80 - create IPUIPlugin
2026-07-23 13:39:05,097 [INFO] PluginManager:220 - loadIPPluginJar : add ipddr
2026-07-23 13:39:05,102 [INFO] IPUIPlugin:80 - create IPUIPlugin
2026-07-23 13:39:05,102 [INFO] PluginManager:220 - loadIPPluginJar : add linkedlist
2026-07-23 13:39:05,104 [INFO] IPUIPlugin:80 - create IPUIPlugin
2026-07-23 13:39:05,104 [INFO] PluginManager:220 - loadIPPluginJar : add lorawan
2026-07-23 13:39:05,105 [INFO] IPUIPlugin:80 - create IPUIPlugin
2026-07-23 13:39:05,105 [INFO] PluginManager:220 - loadIPPluginJar : add ltdc
2026-07-23 13:39:05,109 [INFO] IPUIPlugin:80 - create IPUIPlugin
2026-07-23 13:39:05,109 [INFO] PluginManager:220 - loadIPPluginJar : add mdma
2026-07-23 13:39:05,112 [INFO] IPUIPlugin:80 - create IPUIPlugin
2026-07-23 13:39:05,112 [INFO] PluginManager:220 - loadIPPluginJar : add nvic
2026-07-23 13:39:05,114 [INFO] IPUIPlugin:80 - create IPUIPlugin
2026-07-23 13:39:05,114 [INFO] PluginManager:220 - loadIPPluginJar : add opamp
2026-07-23 13:39:05,116 [INFO] IPUIPlugin:80 - create IPUIPlugin
2026-07-23 13:39:05,116 [INFO] PluginManager:220 - loadIPPluginJar : add openamp
2026-07-23 13:39:05,118 [INFO] IPUIPlugin:80 - create IPUIPlugin
2026-07-23 13:39:05,118 [INFO] PluginManager:220 - loadIPPluginJar : add pdm2pcm
2026-07-23 13:39:05,122 [INFO] IPUIPlugin:80 - create IPUIPlugin
2026-07-23 13:39:05,123 [INFO] PluginManager:220 - loadIPPluginJar : add plateformsettings
2026-07-23 13:39:05,124 [INFO] IPUIPlugin:80 - create IPUIPlugin
2026-07-23 13:39:05,124 [INFO] PluginManager:220 - loadIPPluginJar : add quadspi
2026-07-23 13:39:05,125 [INFO] IPUIPlugin:80 - create IPUIPlugin
2026-07-23 13:39:05,126 [INFO] PluginManager:220 - loadIPPluginJar : add radio
2026-07-23 13:39:05,128 [INFO] IPUIPlugin:80 - create IPUIPlugin
2026-07-23 13:39:05,128 [INFO] PluginManager:220 - loadIPPluginJar : add resmgrutility
2026-07-23 13:39:05,129 [INFO] IPUIPlugin:80 - create IPUIPlugin
2026-07-23 13:39:05,130 [INFO] PluginManager:220 - loadIPPluginJar : add sai
2026-07-23 13:39:05,131 [INFO] IPUIPlugin:80 - create IPUIPlugin
2026-07-23 13:39:05,131 [INFO] PluginManager:220 - loadIPPluginJar : add spi
2026-07-23 13:39:05,137 [INFO] IPUIPlugin:80 - create IPUIPlugin
2026-07-23 13:39:05,137 [INFO] PluginManager:220 - loadIPPluginJar : add stm32_wpan
2026-07-23 13:39:05,139 [INFO] IPUIPlugin:80 - create IPUIPlugin
2026-07-23 13:39:05,139 [INFO] PluginManager:220 - loadIPPluginJar : add tim
2026-07-23 13:39:05,141 [INFO] IPUIPlugin:80 - create IPUIPlugin
2026-07-23 13:39:05,142 [INFO] PluginManager:220 - loadIPPluginJar : add touchsensing
2026-07-23 13:39:05,143 [INFO] IPUIPlugin:80 - create IPUIPlugin
2026-07-23 13:39:05,143 [INFO] PluginManager:220 - loadIPPluginJar : add tracer_emb
2026-07-23 13:39:05,144 [INFO] IPUIPlugin:80 - create IPUIPlugin
2026-07-23 13:39:05,144 [INFO] PluginManager:220 - loadIPPluginJar : add ts
2026-07-23 13:39:05,145 [INFO] IPUIPlugin:80 - create IPUIPlugin
2026-07-23 13:39:05,145 [INFO] PluginManager:220 - loadIPPluginJar : add tsc
2026-07-23 13:39:05,146 [INFO] IPUIPlugin:80 - create IPUIPlugin
2026-07-23 13:39:05,147 [INFO] PluginManager:220 - loadIPPluginJar : add ucpd
2026-07-23 13:39:05,148 [INFO] IPUIPlugin:80 - create IPUIPlugin
2026-07-23 13:39:05,148 [INFO] PluginManager:220 - loadIPPluginJar : add usart
2026-07-23 13:39:05,150 [INFO] IPUIPlugin:80 - create IPUIPlugin
2026-07-23 13:39:05,150 [INFO] PluginManager:220 - loadIPPluginJar : add usbx
2026-07-23 13:39:05,253 [FATAL] Updater:351 - Updater called before beeing initialized
2026-07-23 13:39:05,276 [INFO] RulesReader:64 - Compatibility file has been processed (317 Rules)
2026-07-23 13:39:05,284 [INFO] RulesReader:64 - Compatibility file has been processed (317 Rules)
2026-07-23 13:39:05,293 [INFO] CADModel:165 - CPN selected for project level
2026-07-23 13:39:05,293 [INFO] CADModel:114 - Register for checkConnection events
2026-07-23 13:39:05,293 [FATAL] Updater:351 - Updater called before beeing initialized
2026-07-23 13:39:05,293 [ERROR] CADModel:125 - Updater not yet initialized, retry later 
2026-07-23 13:39:05,395 [FATAL] Updater:351 - Updater called before beeing initialized
2026-07-23 13:39:05,396 [INFO] CADModel:165 - CPN selected for project level
2026-07-23 13:39:05,396 [INFO] CADModel:114 - Register for checkConnection events
2026-07-23 13:39:05,396 [FATAL] Updater:351 - Updater called before beeing initialized
2026-07-23 13:39:05,396 [ERROR] CADModel:125 - Updater not yet initialized, retry later 
2026-07-23 13:39:05,398 [FATAL] Updater:351 - Updater called before beeing initialized
2026-07-23 13:39:05,459 [FATAL] Updater:351 - Updater called before beeing initialized
2026-07-23 13:39:05,462 [INFO] DbMcusAds:53 - JSON generation date=Wed Jul 15 02:46:00 PDT 2026 (1784108760991)
2026-07-23 13:39:05,462 [FATAL] Updater:351 - Updater called before beeing initialized
2026-07-23 13:39:05,481 [WARN] DetailPanel:346 - Failed to get advertising image, set to default
2026-07-23 13:39:05,532 [FATAL] Updater:351 - Updater called before beeing initialized
2026-07-23 13:39:05,533 [FATAL] Updater:351 - Updater called before beeing initialized
2026-07-23 13:39:05,534 [FATAL] Updater:351 - Updater called before beeing initialized
2026-07-23 13:39:05,534 [WARN] DetailPanel:346 - Failed to get advertising image, set to default
2026-07-23 13:39:05,535 [FATAL] Updater:351 - Updater called before beeing initialized
2026-07-23 13:39:05,560 [ERROR] Updater:1198 - MainUpdater not yet initialized. External WinMGr cannot be set.
2026-07-23 13:39:05,561 [INFO] Updater:1134 - Updater Version found : 6.15.0
2026-07-23 13:39:05,573 [INFO] ApplicationProperties:184 - Using Application install path: C:\ST\STM32CubeIDE_1.19.0\STM32CubeIDE\plugins\com.st.stm32cube.common.mx_6.15.0.202507011659
2026-07-23 13:39:07,141 [ERROR] LogOutputStream:75 - [STDERR_REDIRECT] Jul 23, 2026 1:39:07 PM java.util.prefs.WindowsPreferences <init>
2026-07-23 13:39:07,142 [ERROR] LogOutputStream:75 - [STDERR_REDIRECT] WARNING: Could not open/create prefs root node Software\JavaSoft\Prefs at root 0xffffffff80000002. Windows RegCreateKeyEx(...) returned error code 5.
2026-07-23 13:39:07,142 [ERROR] LogOutputStream:75 - [STDERR_REDIRECT] 
2026-07-23 13:39:07,509 [INFO] MainUpdater:2872 - connection check result : 10
2026-07-23 13:39:07,510 [INFO] MainUpdater:289 - Updater Check For Update Now.
2026-07-23 13:39:07,510 [INFO] MicroXplorer:498 - Change Database Version : DB.6.0.150
2026-07-23 13:39:07,515 [INFO] McuFinderGlobals:63 - Set McuFinder mode to 2 (CubeIDE integrated)
2026-07-23 13:39:07,515 [INFO] UserAuth:487 - Internet connection configuration mode: 1
2026-07-23 13:39:07,536 [INFO] JxBrowserEngine:152 - Initiate JxBrowser Engine with user profile folder
2026-07-23 13:39:07,668 [INFO] CheckServerUpdateThread:120 - End of CheckServer Thread
2026-07-23 13:39:07,969 [WARN] PackLoader:240 - Cannot read IP mode file for STMicroelectronics.X-CUBE-AZRTOS-H7.3.5.0
2026-07-23 13:39:07,977 [WARN] PackLoader:240 - Cannot read IP mode file for STMicroelectronics.FP-SNS-MOTENVWB1.1.4.0
2026-07-23 13:39:07,981 [WARN] PackLoader:240 - Cannot read IP mode file for STMicroelectronics.FP-ATR-ASTRA1.2.0.3
2026-07-23 13:39:07,983 [WARN] PackLoader:240 - Cannot read IP mode file for STMicroelectronics.FP-ATR-ASTRA1.2.0.2
2026-07-23 13:39:07,991 [ERROR] Engine:466 - C:\Users\danny\.stm32cubemx\thirdparties\pdsc\STMicroelectronics.X-CUBE-SMBUS.2.1.1.pdsc: PDSC version is not supported
2026-07-23 13:39:07,994 [WARN] PackLoader:240 - Cannot read IP mode file for STMicroelectronics.X-CUBE-SMBUS.2.1.0
2026-07-23 13:39:07,999 [WARN] PackLoader:240 - Cannot read IP mode file for STMicroelectronics.X-CUBE-WB05N.1.1.0
2026-07-23 13:39:08,003 [WARN] PackLoader:240 - Cannot read IP mode file for STMicroelectronics.X-CUBE-ST60.1.0.0
2026-07-23 13:39:08,015 [WARN] PackLoader:240 - Cannot read IP mode file for STMicroelectronics.X-CUBE-AZRTOS-F7.1.1.0
2026-07-23 13:39:08,020 [WARN] PackLoader:240 - Cannot read IP mode file for STMicroelectronics.X-CUBE-FREERTOS.1.6.0
2026-07-23 13:39:08,023 [WARN] PackLoader:240 - Cannot read IP mode file for STMicroelectronics.FP-SNS-MOTENV1.5.1.0
2026-07-23 13:39:08,036 [WARN] PackLoader:240 - Cannot read IP mode file for STMicroelectronics.X-CUBE-AZRTOS-H7RS.1.3.0
2026-07-23 13:39:08,050 [WARN] PackLoader:240 - Cannot read IP mode file for Infineon.AIROC-Wi-Fi-Bluetooth-STM32.1.7.0
2026-07-23 13:39:08,060 [WARN] PackLoader:240 - Cannot read IP mode file for STMicroelectronics.X-CUBE-AZRTOS-H7.3.4.0
2026-07-23 13:39:08,065 [WARN] PackLoader:240 - Cannot read IP mode file for STMicroelectronics.X-CUBE-DISPLAY.3.0.0
2026-07-23 13:39:08,069 [WARN] PackLoader:240 - Cannot read IP mode file for STMicroelectronics.X-CUBE-GNSS1.7.1.1
2026-07-23 13:39:08,071 [WARN] PackLoader:240 - Cannot read IP mode file for STMicroelectronics.FP-SNS-MOTENVWB1.1.5.0
2026-07-23 13:39:08,074 [WARN] PackLoader:240 - Cannot read IP mode file for STMicroelectronics.X-CUBE-NFC10.1.0.0
2026-07-23 13:39:08,079 [WARN] PackLoader:240 - Cannot read IP mode file for STMicroelectronics.X-CUBE-BLEMGR.4.0.0
2026-07-23 13:39:08,083 [WARN] PackLoader:240 - Cannot read IP mode file for STMicroelectronics.X-CUBE-ST60.1.1.0
2026-07-23 13:39:08,086 [WARN] PackLoader:240 - Cannot read IP mode file for emotas.I-CUBE-CANOPEN.1.3.0
2026-07-23 13:39:08,087 [ERROR] Engine:466 - C:\Users\danny\.stm32cubemx\thirdparties\pdsc\STMicroelectronics.X-CUBE-WBA.1.1.0.pdsc: PDSC version is not supported
2026-07-23 13:39:08,090 [WARN] PackLoader:240 - Cannot read IP mode file for STMicroelectronics.X-CUBE-GNSS1.7.1.0
2026-07-23 13:39:08,093 [WARN] ConditionMgr:438 - getConditionDescription Invalid condition id : Cortex-A Device cause : null
2026-07-23 13:39:08,104 [WARN] ConditionMgr:1044 - genDependencies : Invalid condition id : Cortex-A Device cause : null
2026-07-23 13:39:08,104 [WARN] ConditionMgr:1044 - genDependencies : Invalid condition id : Cortex-A Device cause : null
2026-07-23 13:39:08,104 [WARN] ConditionMgr:1044 - genDependencies : Invalid condition id : Cortex-A Device cause : null
2026-07-23 13:39:08,108 [WARN] PackLoader:240 - Cannot read IP mode file for STMicroelectronics.X-CUBE-AI.10.0.0
2026-07-23 13:39:08,111 [WARN] PackLoader:240 - Cannot read IP mode file for STMicroelectronics.FP-SNS-STBOX1.2.1.0
2026-07-23 13:39:08,115 [WARN] PackLoader:240 - Cannot read IP mode file for STMicroelectronics.FP-SNS-SMARTAG2.1.2.0
2026-07-23 13:39:08,118 [WARN] PackLoader:240 - Cannot read IP mode file for STMicroelectronics.FP-SNS-FLIGHT1.5.1.0
2026-07-23 13:39:08,143 [WARN] PackLoader:240 - Cannot read IP mode file for STMicroelectronics.X-CUBE-MEMS1.11.1.0
2026-07-23 13:39:08,149 [INFO] WebApp:169 - Instantiating new browser for Auth
2026-07-23 13:39:08,229 [INFO] LogOutputStream:77 - [STDOUT_REDIRECT] 1 : Invalid condition id : UX_CORESTACK_Condition cause : null
2026-07-23 13:39:08,230 [INFO] LogOutputStream:77 - [STDOUT_REDIRECT] 1 : Invalid condition id : UX_CORESTACK_Condition cause : null
2026-07-23 13:39:08,231 [INFO] LogOutputStream:77 - [STDOUT_REDIRECT] 1 : Invalid condition id : UX_CORESTACK_Condition cause : null
2026-07-23 13:39:08,232 [INFO] LogOutputStream:77 - [STDOUT_REDIRECT] 1 : Invalid condition id : UX_CORESTACK_Condition cause : null
2026-07-23 13:39:08,233 [INFO] LogOutputStream:77 - [STDOUT_REDIRECT] 1 : Invalid condition id : UX_CORESTACK_Condition cause : null
2026-07-23 13:39:08,234 [WARN] PackLoader:240 - Cannot read IP mode file for STMicroelectronics.X-CUBE-AZRTOS-WL.2.0.0
2026-07-23 13:39:08,237 [WARN] PackLoader:240 - Cannot read IP mode file for STMicroelectronics.FP-SNS-MOTENV1.5.0.0
2026-07-23 13:39:08,245 [WARN] PackLoader:240 - Cannot read IP mode file for STMicroelectronics.X-CUBE-AZRTOS-H7RS.1.2.0
2026-07-23 13:39:08,256 [WARN] PackLoader:240 - Cannot read IP mode file for WES.I-CUBE-Cesium.1.3.0
2026-07-23 13:39:08,259 [WARN] PackLoader:240 - Cannot read IP mode file for STMicroelectronics.X-CUBE-BLE2.3.3.0
2026-07-23 13:39:08,270 [WARN] PackLoader:240 - Cannot read IP mode file for STMicroelectronics.X-CUBE-NFC9.1.0.0
2026-07-23 13:39:08,273 [WARN] PackLoader:240 - Cannot read IP mode file for STMicroelectronics.X-CUBE-BLE1.7.1.0
2026-07-23 13:39:08,276 [WARN] PackLoader:240 - Cannot read IP mode file for wolfSSL.I-CUBE-wolfMQTT.1.19.2
2026-07-23 13:39:08,279 [WARN] PackLoader:240 - Cannot read IP mode file for STMicroelectronics.X-CUBE-EEPRMA1.5.2.0
2026-07-23 13:39:08,284 [WARN] PackLoader:240 - Cannot read IP mode file for STMicroelectronics.FP-SNS-STAIOTCFT.1.1.0
2026-07-23 13:39:08,339 [WARN] PackLoader:240 - Cannot read IP mode file for STMicroelectronics.X-CUBE-MEMS1.12.0.0
2026-07-23 13:39:08,384 [WARN] PackLoader:240 - Cannot read IP mode file for STMicroelectronics.X-CUBE-AZRTOS-G0.1.1.0
2026-07-23 13:39:08,389 [WARN] PackLoader:240 - Cannot read IP mode file for STMicroelectronics.X-CUBE-SAFEA1.1.2.2
2026-07-23 13:39:08,394 [WARN] PackLoader:240 - Cannot read IP mode file for STMicroelectronics.X-CUBE-NFC4.3.0.0
2026-07-23 13:39:08,399 [WARN] PackLoader:240 - Cannot read IP mode file for EmbeddedOffice.I-CUBE-FS-RTOS.1.0.1
2026-07-23 13:39:08,402 [WARN] PackLoader:240 - Cannot read IP mode file for STMicroelectronics.X-CUBE-WB05N.2.0.0
2026-07-23 13:39:08,405 [WARN] PackLoader:240 - Cannot read IP mode file for wolfSSL.I-CUBE-wolfTPM.3.8.0
2026-07-23 13:39:08,409 [WARN] PackLoader:240 - Cannot read IP mode file for STMicroelectronics.X-CUBE-TCPP.4.2.0
2026-07-23 13:39:08,413 [WARN] PackLoader:240 - Cannot read IP mode file for RealThread.X-CUBE-RT-Thread_Nano.4.1.1
2026-07-23 13:39:08,416 [WARN] PackLoader:240 - Cannot read IP mode file for STMicroelectronics.FP-ATR-SIGFOX1.3.2.0
2026-07-23 13:39:08,420 [WARN] PackLoader:240 - Cannot read IP mode file for STMicroelectronics.X-CUBE-EEPRMA1.5.1.0
2026-07-23 13:39:08,424 [WARN] PackLoader:240 - Cannot read IP mode file for STMicroelectronics.X-CUBE-FREERTOS.1.5.0
2026-07-23 13:39:08,427 [WARN] PackLoader:240 - Cannot read IP mode file for wolfSSL.I-CUBE-wolfSSL.5.7.6
2026-07-23 13:39:08,432 [WARN] PackLoader:240 - Cannot read IP mode file for ITTIA_DB.I-CUBE-ITTIADB.8.9.0
2026-07-23 13:39:08,436 [WARN] PackLoader:240 - Cannot read IP mode file for STMicroelectronics.X-CUBE-NFC6.3.2.0
2026-07-23 13:39:08,444 [WARN] PackLoader:240 - Cannot read IP mode file for STMicroelectronics.X-CUBE-ST67W61.1.0.0
2026-07-23 13:39:08,448 [WARN] PackLoader:240 - Cannot read IP mode file for STMicroelectronics.X-CUBE-AI.10.2.1
2026-07-23 13:39:08,453 [WARN] PackLoader:240 - Cannot read IP mode file for STMicroelectronics.X-CUBE-AI.10.2.0
2026-07-23 13:39:08,475 [WARN] PackLoader:240 - Cannot read IP mode file for STMicroelectronics.X-CUBE-MEMS1.12.1.0
2026-07-23 13:39:08,515 [WARN] PackLoader:240 - Cannot read IP mode file for SEGGER.I-CUBE-embOS.1.3.1
2026-07-23 13:39:08,537 [WARN] PackLoader:240 - Cannot read IP mode file for STMicroelectronics.X-CUBE-ALGOBUILD.1.4.0
2026-07-23 13:39:08,556 [WARN] PackLoader:240 - Cannot read IP mode file for STMicroelectronics.X-CUBE-MEMS1.11.3.0
2026-07-23 13:39:08,608 [WARN] PackLoader:240 - Cannot read IP mode file for STMicroelectronics.X-CUBE-NFC13.1.0.0
2026-07-23 13:39:08,611 [WARN] PackLoader:240 - Cannot read IP mode file for STMicroelectronics.X-CUBE-PM33A1.1.0.0
2026-07-23 13:39:08,619 [WARN] PackLoader:240 - Cannot read IP mode file for STMicroelectronics.X-CUBE-AZRTOS-F4.1.1.0
2026-07-23 13:39:08,622 [WARN] PackLoader:240 - Cannot read IP mode file for Avnet-IotConnect.X-CUBE-IoTC-DA16k-PMOD.1.0.0
2026-07-23 13:39:08,624 [WARN] PackLoader:240 - Cannot read IP mode file for STMicroelectronics.X-CUBE-ISPU.2.1.0
2026-07-23 13:39:08,630 [WARN] PackLoader:240 - Cannot read IP mode file for STMicroelectronics.X-CUBE-IPS.3.2.0
2026-07-23 13:39:08,635 [WARN] PackLoader:240 - Cannot read IP mode file for STMicroelectronics.eDS-WB_DPC_TT-BIDIR.2.1.1
2026-07-23 13:39:08,639 [WARN] PackLoader:240 - Cannot read IP mode file for STMicroelectronics.X-CUBE-NFC12.1.0.0
2026-07-23 13:39:08,646 [WARN] PackLoader:240 - Cannot read IP mode file for STMicroelectronics.X-CUBE-AZRTOS-L5.2.0.0
2026-07-23 13:39:08,650 [WARN] PackLoader:240 - Cannot read IP mode file for STMicroelectronics.X-CUBE-NFC6.3.1.0
2026-07-23 13:39:08,660 [WARN] PackLoader:240 - Cannot read IP mode file for STMicroelectronics.X-CUBE-ALGOBUILD.1.5.0
2026-07-23 13:39:08,664 [WARN] PackLoader:240 - Cannot read IP mode file for STMicroelectronics.eDS-WB_DPC_VIENNA.1.2.0
2026-07-23 13:39:08,668 [WARN] PackLoader:240 - Cannot read IP mode file for STMicroelectronics.eDS-WB_DPC_3PH2L-BIDIR.1.1.1
2026-07-23 13:39:08,671 [ERROR] Engine:466 - C:\Users\danny\.stm32cubemx\thirdparties\pdsc\STMicroelectronics.X-CUBE-ST67W61.1.3.0.pdsc: PDSC version is not supported
2026-07-23 13:39:08,684 [WARN] PackLoader:240 - Cannot read IP mode file for STMicroelectronics.X-CUBE-FREERTOS.1.3.1
2026-07-23 13:39:08,690 [WARN] PackLoader:240 - Cannot read IP mode file for STMicroelectronics.X-CUBE-FREERTOS.1.3.0
2026-07-23 13:39:08,696 [WARN] PackLoader:240 - Cannot read IP mode file for STMicroelectronics.X-CUBE-NFC7.1.0.1
2026-07-23 13:39:08,701 [WARN] PackLoader:240 - Cannot read IP mode file for STMicroelectronics.X-CUBE-TOUCHGFX.4.26.0
2026-07-23 13:39:08,703 [WARN] PackLoader:240 - Cannot read IP mode file for STMicroelectronics.X-CUBE-TOUCHGFX.4.26.1
2026-07-23 13:39:08,706 [WARN] PackLoader:240 - Cannot read IP mode file for STMicroelectronics.FP-SNS-STAIOTCFT.1.0.0
2026-07-23 13:39:08,710 [WARN] PackLoader:240 - Cannot read IP mode file for STMicroelectronics.X-CUBE-DPower.1.3.0
2026-07-23 13:39:08,718 [WARN] ConditionMgr:438 - getConditionDescription Invalid condition id : LAN8742 Phy interface Condition cause : null
2026-07-23 13:39:08,718 [WARN] PackLoader:240 - Cannot read IP mode file for STMicroelectronics.X-CUBE-AZRTOS-L4.2.0.0
2026-07-23 13:39:08,719 [WARN] ConditionMgr:1044 - genDependencies : Invalid condition id : LAN8742 Phy interface Condition cause : null
2026-07-23 13:39:08,719 [WARN] ConditionMgr:1044 - genDependencies : Invalid condition id : LAN8742 Phy interface Condition cause : null
2026-07-23 13:39:08,719 [WARN] ConditionMgr:1044 - genDependencies : Invalid condition id : LAN8742 Phy interface Condition cause : null
2026-07-23 13:39:08,724 [WARN] PackLoader:240 - Cannot read IP mode file for STMicroelectronics.X-CUBE-SFXS2LP1.4.0.0
2026-07-23 13:39:08,728 [WARN] PackLoader:240 - Cannot read IP mode file for STMicroelectronics.X-CUBE-WB05N.2.1.0
2026-07-23 13:39:08,732 [WARN] PackLoader:240 - Cannot read IP mode file for STMicroelectronics.X-CUBE-ST67W61.1.2.0
2026-07-23 13:39:08,740 [WARN] PackLoader:240 - Cannot read IP mode file for STMicroelectronics.X-CUBE-AZRTOS-H7.3.3.0
2026-07-23 13:39:08,745 [WARN] PackLoader:240 - Cannot read IP mode file for STMicroelectronics.X-CUBE-BLEMGR.4.1.0
2026-07-23 13:39:08,752 [WARN] ConditionMgr:438 - getConditionDescription Invalid condition id : UX DEVICE CLASS RTOS Condition cause : null
2026-07-23 13:39:08,752 [WARN] ConditionMgr:438 - getConditionDescription Invalid condition id : UX DEVICE CLASS RTOS Condition cause : null
2026-07-23 13:39:08,753 [WARN] PackLoader:240 - Cannot read IP mode file for STMicroelectronics.X-CUBE-AZRTOS-WB.2.0.0
2026-07-23 13:39:08,753 [WARN] ConditionMgr:1044 - genDependencies : Invalid condition id : UX DEVICE CLASS RTOS Condition cause : null
2026-07-23 13:39:08,753 [WARN] ConditionMgr:1044 - genDependencies : Invalid condition id : UX DEVICE CLASS RTOS Condition cause : null
2026-07-23 13:39:08,753 [WARN] ConditionMgr:1044 - genDependencies : Invalid condition id : UX DEVICE CLASS RTOS Condition cause : null
2026-07-23 13:39:08,753 [WARN] ConditionMgr:1044 - genDependencies : Invalid condition id : UX DEVICE CLASS RTOS Condition cause : null
2026-07-23 13:39:08,753 [WARN] ConditionMgr:1044 - genDependencies : Invalid condition id : UX DEVICE CLASS RTOS Condition cause : null
2026-07-23 13:39:08,756 [WARN] PackLoader:240 - Cannot read IP mode file for STMicroelectronics.X-CUBE-GNSS1.7.0.1
2026-07-23 13:39:08,759 [WARN] PackLoader:240 - Cannot read IP mode file for STMicroelectronics.X-CUBE-TOUCHGFX.4.25.0
2026-07-23 13:39:08,764 [WARN] PackLoader:240 - Cannot read IP mode file for STMicroelectronics.FP-SNS-STBOX1.2.0.0
2026-07-23 13:39:08,773 [WARN] PackLoader:240 - Cannot read IP mode file for STMicroelectronics.X-CUBE-STSE01.2.0.0
2026-07-23 13:39:08,780 [WARN] PackLoader:240 - Cannot read IP mode file for STMicroelectronics.X-CUBE-SUBG2.5.0.0
2026-07-23 13:39:08,789 [WARN] PackLoader:240 - Cannot read IP mode file for STMicroelectronics.X-CUBE-AZRTOS-H7RS.1.1.0
2026-07-23 13:39:08,794 [WARN] PackLoader:240 - Cannot read IP mode file for Cesanta.I-CUBE-Mongoose.7.13.0
2026-07-23 13:39:08,801 [WARN] PackLoader:240 - Cannot read IP mode file for STMicroelectronics.X-CUBE-AZRTOS-G4.2.0.0
2026-07-23 13:39:08,807 [WARN] PackLoader:240 - Cannot read IP mode file for wolfSSL.I-CUBE-wolfSSH.1.4.20
2026-07-23 13:39:08,809 [WARN] PackLoader:240 - Cannot read IP mode file for STMicroelectronics.X-CUBE-NFC7.2.0.0
2026-07-23 13:39:08,814 [WARN] PackLoader:240 - Cannot read IP mode file for STMicroelectronics.X-CUBE-IPS.3.1.0
2026-07-23 13:39:08,819 [ERROR] Engine:466 - C:\Users\danny\.stm32cubemx\thirdparties\pdsc\STMicroelectronics.X-CUBE-BLEMGR.4.2.0.pdsc: PDSC version is not supported
2026-07-23 13:39:08,821 [WARN] PackLoader:240 - Cannot read IP mode file for STMicroelectronics.X-CUBE-ALS.1.0.2
2026-07-23 13:39:08,825 [WARN] PackLoader:240 - Cannot read IP mode file for STMicroelectronics.X-CUBE-STSE01.1.0.0
2026-07-23 13:39:08,828 [WARN] PackLoader:240 - Cannot read IP mode file for portGmbH.I-Cube-SoM-uGOAL.1.1.0
2026-07-23 13:39:08,833 [WARN] PackLoader:240 - Cannot read IP mode file for STMicroelectronics.X-CUBE-TOF1.3.4.2
2026-07-23 13:39:08,843 [WARN] PackLoader:240 - Cannot read IP mode file for STMicroelectronics.X-CUBE-TOF1.3.4.3
2026-07-23 13:39:08,847 [INFO] ThirdParty:978 - Integrity check success = true
2026-07-23 13:39:08,847 [INFO] IntegrityCheckThread:100 - exiting critical section [integrity check]
2026-07-23 13:39:08,847 [INFO] IntegrityCheckThread:103 - End integrity checks thread
2026-07-23 13:39:09,252 [INFO] WebApp:463 - Apply proxy settings
2026-07-23 13:39:09,252 [INFO] WebApp:548 - Chromium requires no authentication
2026-07-23 13:39:09,257 [INFO] WebApp:491 - Direct internet connection detected
2026-07-23 13:39:09,270 [INFO] WebApp:900 - Register for checkConnection events
2026-07-23 13:39:09,270 [INFO] WebApp:463 - Apply proxy settings
2026-07-23 13:39:09,270 [INFO] WebApp:548 - Chromium requires no authentication
2026-07-23 13:39:09,270 [INFO] WebApp:491 - Direct internet connection detected
2026-07-23 13:39:09,361 [INFO] WebApp:225 - Starting web application
2026-07-23 13:39:09,361 [INFO] WebApp:593 - Web application path used C:\ST\STM32CubeIDE_1.19.0\STM32CubeIDE\plugins\com.st.stm32cube.common.mx_6.15.0.202507011659\db\plugins\mcufinder\reactClient1\index.html
2026-07-23 13:39:09,414 [INFO] UserAuth:487 - Internet connection configuration mode: 1
2026-07-23 13:39:09,470 [INFO] WebApp:191 - Connection restablished
2026-07-23 13:39:23,803 [INFO] McuFinderGlobals:63 - Set McuFinder mode to 2 (CubeIDE integrated)
2026-07-23 13:39:23,806 [INFO] MainUpdater:2872 - connection check result : 10
2026-07-23 13:39:23,806 [INFO] MainUpdater:2872 - connection check result : 10
2026-07-23 13:39:23,823 [INFO] MicroXplorer:468 - Change Database Path : 
2026-07-23 13:39:23,823 [INFO] MicroXplorer:498 - Change Database Version : DB.6.0.150
2026-07-23 13:39:23,828 [WARN] ThirdParty:871 - waiting for thirdparty lock release [close project]
2026-07-23 13:39:23,828 [INFO] ThirdParty:873 - entering critical section [close project]
2026-07-23 13:39:23,829 [INFO] ThirdParty:883 - exiting critical section [close project]
2026-07-23 13:39:23,830 [INFO] PinOutPanel:1589 - setPackage(No Configuration,No Configuration)
2026-07-23 13:39:23,831 [INFO] UtilMem:75 - Begin LoadConfig() Used Memory: 165937672 Bytes (271581184)
2026-07-23 13:39:23,833 [INFO] MicroXplorer:468 - Change Database Path : 
2026-07-23 13:39:23,833 [INFO] MicroXplorer:498 - Change Database Version : DB.6.0.150
2026-07-23 13:39:23,833 [INFO] OpenFileManager:355 - Change cursor
2026-07-23 13:39:23,847 [INFO] Mcu:2029 - Initializing MCU STM32F411R(C-E)Tx STM32F411RETx STM32F411RET6
2026-07-23 13:39:24,570 [INFO] Context:786 - Trying to add GPIOservice into a context  which must be forbidden
2026-07-23 13:39:24,772 [INFO] ImportTextPane:234 - (OptionalMessage_ERROR) Pin16 (VP_RIF_VS_RIF1) cannot be retrieved for this MCU
2026-07-23 13:39:24,845 [INFO] RtosManager:558 - Registered RTOS mode: class=CMSIS, group=RTOS, mode=CMSIS_V1, owner=FREERTOS
2026-07-23 13:39:24,845 [INFO] RtosManager:558 - Registered RTOS mode: class=CMSIS, group=RTOS2, mode=CMSIS_V2, owner=FREERTOS
2026-07-23 13:39:24,845 [INFO] RtosManager:558 - Registered RTOS mode: class=RTOS, group=Core, mode=CMSIS_V1, owner=FREERTOS
2026-07-23 13:39:24,845 [INFO] RtosManager:558 - Registered RTOS mode: class=RTOS, group=Core, mode=CMSIS_V2, owner=FREERTOS
2026-07-23 13:39:24,845 [WARN] ModelIntegratedComponent:184 - Missing modes for component STMicroelectronics:FreeRTOS:0.0.1:STMicroelectronics:RTOS:FreeRTOS:Core:::10.2.0:
2026-07-23 13:39:24,853 [WARN] ModelIntegratedComponent:63 - No mode defined for component null
2026-07-23 13:39:24,854 [WARN] ModelIntegratedComponent:63 - No mode defined for component null
2026-07-23 13:39:24,854 [WARN] ModelIntegratedComponent:63 - No mode defined for component null
2026-07-23 13:39:24,854 [WARN] ModelIntegratedComponent:63 - No mode defined for component null
2026-07-23 13:39:24,854 [WARN] ModelIntegratedComponent:63 - No mode defined for component null
2026-07-23 13:39:24,854 [WARN] ModelIntegratedComponent:63 - No mode defined for component null
2026-07-23 13:39:24,854 [WARN] ModelIntegratedComponent:63 - No mode defined for component null
2026-07-23 13:39:24,854 [WARN] ModelIntegratedComponent:63 - No mode defined for component null
2026-07-23 13:39:24,854 [WARN] ModelIntegratedComponent:63 - No mode defined for component null
2026-07-23 13:39:24,854 [WARN] ModelIntegratedComponent:63 - No mode defined for component null
2026-07-23 13:39:24,854 [WARN] ModelIntegratedComponent:63 - No mode defined for component null
2026-07-23 13:39:24,854 [WARN] ModelIntegratedComponent:63 - No mode defined for component null
2026-07-23 13:39:24,854 [WARN] ModelIntegratedComponent:63 - No mode defined for component null
2026-07-23 13:39:24,854 [WARN] ModelIntegratedComponent:63 - No mode defined for component null
2026-07-23 13:39:24,854 [WARN] ModelIntegratedComponent:63 - No mode defined for component null
2026-07-23 13:39:24,854 [WARN] ModelIntegratedComponent:63 - No mode defined for component null
2026-07-23 13:39:24,854 [WARN] ModelIntegratedComponent:63 - No mode defined for component null
2026-07-23 13:39:24,854 [WARN] ModelIntegratedComponent:63 - No mode defined for component null
2026-07-23 13:39:24,854 [WARN] ModelIntegratedComponent:63 - No mode defined for component null
2026-07-23 13:39:24,854 [WARN] ModelIntegratedComponent:63 - No mode defined for component null
2026-07-23 13:39:24,854 [WARN] ModelIntegratedComponent:63 - No mode defined for component null
2026-07-23 13:39:24,854 [WARN] ModelIntegratedComponent:63 - No mode defined for component null
2026-07-23 13:39:24,854 [WARN] ModelIntegratedComponent:63 - No mode defined for component null
2026-07-23 13:39:24,854 [WARN] ModelIntegratedComponent:63 - No mode defined for component null
2026-07-23 13:39:24,854 [WARN] ModelIntegratedComponent:63 - No mode defined for component null
2026-07-23 13:39:24,854 [WARN] ModelIntegratedComponent:63 - No mode defined for component null
2026-07-23 13:39:24,854 [WARN] ModelIntegratedComponent:63 - No mode defined for component null
2026-07-23 13:39:24,854 [WARN] ModelIntegratedComponent:63 - No mode defined for component null
2026-07-23 13:39:24,854 [WARN] ModelIntegratedComponent:63 - No mode defined for component null
2026-07-23 13:39:24,854 [WARN] ModelIntegratedComponent:63 - No mode defined for component null
2026-07-23 13:39:24,854 [WARN] ModelIntegratedComponent:63 - No mode defined for component null
2026-07-23 13:39:24,854 [WARN] ModelIntegratedComponent:63 - No mode defined for component null
2026-07-23 13:39:24,854 [WARN] ModelIntegratedComponent:63 - No mode defined for component null
2026-07-23 13:39:24,854 [WARN] ModelIntegratedComponent:63 - No mode defined for component null
2026-07-23 13:39:24,854 [WARN] ModelIntegratedComponent:63 - No mode defined for component null
2026-07-23 13:39:24,854 [WARN] ModelPack:524 - Component already loaded: STMicroelectronics:HAL Drivers:0.0.0:STMicroelectronics:Device:STMicro_Driver:XSPI:HAL::0.0.1:HAL_XSPI
2026-07-23 13:39:24,934 [WARN] ModelIntegratedComponent:182 - Modes not found for component STMicroelectronics:USB_DEVICE:1.0.0:STMicroelectronics:USB::USB Device:Audio HS::1.0:USB_DEVICE_1_0_RESTRICTED_HS
2026-07-23 13:39:24,935 [WARN] ModelIntegratedComponent:188 - Modes not found for component STMicroelectronics:USB_DEVICE:1.0.0:STMicroelectronics:USB::USB Device:Audio HS::1.0:USB_DEVICE_1_0_RESTRICTED_HS
2026-07-23 13:39:24,935 [WARN] ModelIntegratedComponent:182 - Modes not found for component STMicroelectronics:USB_DEVICE:1.0.0:STMicroelectronics:USB::USB Device:CDC HS::1.0:USB_DEVICE_1_0_RESTRICTED_HS
2026-07-23 13:39:24,935 [WARN] ModelIntegratedComponent:188 - Modes not found for component STMicroelectronics:USB_DEVICE:1.0.0:STMicroelectronics:USB::USB Device:CDC HS::1.0:USB_DEVICE_1_0_RESTRICTED_HS
2026-07-23 13:39:24,935 [WARN] ModelIntegratedComponent:182 - Modes not found for component STMicroelectronics:USB_DEVICE:1.0.0:STMicroelectronics:USB::USB Device:DFU HS::1.0:USB_DEVICE_1_0_RESTRICTED_HS
2026-07-23 13:39:24,935 [WARN] ModelIntegratedComponent:188 - Modes not found for component STMicroelectronics:USB_DEVICE:1.0.0:STMicroelectronics:USB::USB Device:DFU HS::1.0:USB_DEVICE_1_0_RESTRICTED_HS
2026-07-23 13:39:24,935 [WARN] ModelIntegratedComponent:182 - Modes not found for component STMicroelectronics:USB_DEVICE:1.0.0:STMicroelectronics:USB::USB Device:HID HS::1.0:USB_DEVICE_1_0_RESTRICTED_HS
2026-07-23 13:39:24,935 [WARN] ModelIntegratedComponent:188 - Modes not found for component STMicroelectronics:USB_DEVICE:1.0.0:STMicroelectronics:USB::USB Device:HID HS::1.0:USB_DEVICE_1_0_RESTRICTED_HS
2026-07-23 13:39:24,935 [WARN] ModelIntegratedComponent:182 - Modes not found for component STMicroelectronics:USB_DEVICE:1.0.0:STMicroelectronics:USB::USB Device:Custom HID HS::1.0:USB_DEVICE_1_0_RESTRICTED_HS
2026-07-23 13:39:24,935 [WARN] ModelIntegratedComponent:188 - Modes not found for component STMicroelectronics:USB_DEVICE:1.0.0:STMicroelectronics:USB::USB Device:Custom HID HS::1.0:USB_DEVICE_1_0_RESTRICTED_HS
2026-07-23 13:39:24,935 [WARN] ModelIntegratedComponent:182 - Modes not found for component STMicroelectronics:USB_DEVICE:1.0.0:STMicroelectronics:USB::USB Device:MSC HS::1.0:USB_DEVICE_1_0_RESTRICTED_HS
2026-07-23 13:39:24,935 [WARN] ModelIntegratedComponent:188 - Modes not found for component STMicroelectronics:USB_DEVICE:1.0.0:STMicroelectronics:USB::USB Device:MSC HS::1.0:USB_DEVICE_1_0_RESTRICTED_HS
2026-07-23 13:39:24,964 [WARN] ModelIntegratedComponent:182 - Modes not found for component STMicroelectronics:USB_HOST:1.0.0:STMicroelectronics:USB::USB Host:Audio HS::1.0:USB_HOST_1_0_RESTRICTED_HS
2026-07-23 13:39:24,964 [WARN] ModelIntegratedComponent:188 - Modes not found for component STMicroelectronics:USB_HOST:1.0.0:STMicroelectronics:USB::USB Host:Audio HS::1.0:USB_HOST_1_0_RESTRICTED_HS
2026-07-23 13:39:24,964 [WARN] ModelIntegratedComponent:182 - Modes not found for component STMicroelectronics:USB_HOST:1.0.0:STMicroelectronics:USB::USB Host:CDC HS::1.0:USB_HOST_1_0_RESTRICTED_HS
2026-07-23 13:39:24,964 [WARN] ModelIntegratedComponent:188 - Modes not found for component STMicroelectronics:USB_HOST:1.0.0:STMicroelectronics:USB::USB Host:CDC HS::1.0:USB_HOST_1_0_RESTRICTED_HS
2026-07-23 13:39:24,964 [WARN] ModelIntegratedComponent:182 - Modes not found for component STMicroelectronics:USB_HOST:1.0.0:STMicroelectronics:USB::USB Host:MSC HS::1.0:USB_HOST_1_0_RESTRICTED_HS
2026-07-23 13:39:24,964 [WARN] ModelIntegratedComponent:188 - Modes not found for component STMicroelectronics:USB_HOST:1.0.0:STMicroelectronics:USB::USB Host:MSC HS::1.0:USB_HOST_1_0_RESTRICTED_HS
2026-07-23 13:39:24,964 [WARN] ModelIntegratedComponent:182 - Modes not found for component STMicroelectronics:USB_HOST:1.0.0:STMicroelectronics:USB::USB Host:HID HS::1.0:USB_HOST_1_0_RESTRICTED_HS
2026-07-23 13:39:24,964 [WARN] ModelIntegratedComponent:188 - Modes not found for component STMicroelectronics:USB_HOST:1.0.0:STMicroelectronics:USB::USB Host:HID HS::1.0:USB_HOST_1_0_RESTRICTED_HS
2026-07-23 13:39:24,964 [WARN] ModelIntegratedComponent:182 - Modes not found for component STMicroelectronics:USB_HOST:1.0.0:STMicroelectronics:USB::USB Host:MTP HS::1.0:USB_HOST_1_0_RESTRICTED_HS
2026-07-23 13:39:24,964 [WARN] ModelIntegratedComponent:188 - Modes not found for component STMicroelectronics:USB_HOST:1.0.0:STMicroelectronics:USB::USB Host:MTP HS::1.0:USB_HOST_1_0_RESTRICTED_HS
2026-07-23 13:39:25,065 [INFO] ThirdPartyModel:298 - Start build external matchings
2026-07-23 13:39:25,656 [INFO] ThirdPartyModel:316 - End build external matchings
2026-07-23 13:39:25,677 [INFO] RtosManager:1018 - Current active RTOS is FREERTOS [Cortex-M4NS]
2026-07-23 13:39:25,876 [INFO] ApiDb:581 - Connected to CubeFinder SQLite database (C:\Users\danny\.stmcufinder\plugins\mcufinder\mcu\cube-finder-db.db)
2026-07-23 13:39:25,922 [INFO] ApiDb:668 - CubeFinder database Data Model version=2.1
2026-07-23 13:39:25,922 [INFO] ApiDb:669 - CubeFinder database Configuration version=3.0.42
2026-07-23 13:39:25,922 [INFO] ApiDb:670 - CubeFinder database generation date=2026-06-23 (1782213372)
2026-07-23 13:39:25,922 [INFO] ApiDb:671 - CubeFinder database FW Pack versions=[FP-ATR-ASTRA1_V2.0.0, FP-SNS-FLIGHT1_V5.1.0, FP-SNS-MOTENV1_V5.1.0, FP-SNS-MOTENVWB1_V1.5.0, FP-SNS-SMARTAG2_V1.2.0, FP-SNS-STBOX1_V2.1.0, STM32Cube_FW_C0_V1.4.0, STM32Cube_FW_F4_V1.28.3, STM32Cube_FW_F7_V1.17.4, STM32Cube_FW_G0_V1.6.3, STM32Cube_FW_G4_V1.6.2, STM32Cube_FW_H5_V1.7.0, STM32Cube_FW_H7RS_V1.3.0, STM32Cube_FW_H7_V1.13.0, STM32Cube_FW_L0_V1.12.2, STM32Cube_FW_L4_V1.18.2, STM32Cube_FW_L5_V1.6.0, STM32Cube_FW_N6_V1.4.0, STM32Cube_FW_U0_V1.3.0, STM32Cube_FW_U3_V1.4.0, STM32Cube_FW_U5_V1.9.0, STM32Cube_FW_WB0_V1.5.0, STM32Cube_FW_WBA_V1.10.0, STM32Cube_FW_WB_V1.24.0, STM32Cube_FW_WL3_V1.5.0, STM32Cube_FW_WL_V1.6.0, X-CUBE-ALGOBUILD_V1.5.0, X-CUBE-ALS_V1.0.2, X-CUBE-AZRTOS-F4_V1.1.0, X-CUBE-AZRTOS-F7_V1.1.0, X-CUBE-AZRTOS-G0_V1.1.0, X-CUBE-AZRTOS-G4_V2.0.0, X-CUBE-AZRTOS-H7RS_V1.1.0, X-CUBE-AZRTOS-H7_V3.5.0, X-CUBE-AZRTOS-L4_V2.0.0, X-CUBE-AZRTOS-L5_V2.0.0, X-CUBE-AZRTOS-WB_V2.0.0, X-CUBE-AZRTOS-WL_V2.0.0, X-CUBE-BLE1_V7.1.0, X-CUBE-BLE2_V3.3.0, X-CUBE-BLEMGR_V4.1.0, X-CUBE-EEPRMA1_V5.2.0, X-CUBE-FREERTOS_V1.5.0, X-CUBE-GNSS1_V7.1.1, X-CUBE-MEMS1_V12.1.0, X-CUBE-NFC4_V3.0.0, X-CUBE-NFC7_V2.0.0, X-CUBE-SFXS2LP1_V4.0.0, X-CUBE-ST67W61_V1.3.0, X-CUBE-SUBG2_V5.0.0, X-CUBE-TOF1_V3.4.3]
2026-07-23 13:39:25,959 [INFO] DbBoardsSqlite:226 - include board P-NUCLEO-WB55-NUCLEO as a kit item of type 'Nucleo-64'
2026-07-23 13:39:25,959 [INFO] DbBoardsSqlite:226 - include board P-NUCLEO-WB55-USBDONGLE as a kit item of type 'Nucleo USB Dongle'
2026-07-23 13:39:25,959 [INFO] DbBoardsSqlite:226 - include board STEVAL-IDP005V1 as a kit item of type 'Evaluation Board'
2026-07-23 13:39:25,959 [INFO] DbBoardsSqlite:226 - include board STEVAL-IDP005V2 as a kit item of type 'Evaluation Board'
2026-07-23 13:39:26,003 [INFO] ApiDb:240 - Found 880 in-development CPN: [B-G473E-ZEST1S, B-WB1M-WPAN1, B-WBA5M-WPAN, B-WL5M-SUBG1, NUCLEO-C031C6, NUCLEO-C051C8, NUCLEO-C071RB, NUCLEO-C092RC, NUCLEO-H503RB, NUCLEO-H533RE, NUCLEO-H563ZI, NUCLEO-H7S3L8, NUCLEO-N657X0-Q, NUCLEO-U031R8, NUCLEO-U083RC, NUCLEO-U385RG-Q, NUCLEO-U545RE-Q, NUCLEO-U5A5ZJ-Q, NUCLEO-WB05KZ, NUCLEO-WB07CC, NUCLEO-WB09KE, NUCLEO-WBA52CG, NUCLEO-WBA55CG, NUCLEO-WL33CC1, NUCLEO-WL33CC2, STEVAL-PROTEUS1, STEVAL-SMARTAG2, STEVAL-STWINBX1, STM320518-EVAL, STM32C0116-DK, STM32C011D6Y3TR, STM32C011D6Y6TR, STM32C011F4P3, STM32C011F4P6, STM32C011F4U3, STM32C011F4U6TR, STM32C011F6P3, STM32C011F6P6, STM32C011F6U3, STM32C011F6U6TR, STM32C011J4M3, STM32C011J4M6, STM32C011J6M3, STM32C011J6M6, STM32C0316-DK, STM32C031C4T3, STM32C031C4T6, STM32C031C4U3, STM32C031C4U6, STM32C031C6T3, STM32C031C6T6, STM32C031C6U3, STM32C031C6U6, STM32C031F4P3, STM32C031F4P6, STM32C031F6P3, STM32C031F6P6, STM32C031G4U3, STM32C031G4U6, STM32C031G6U3, STM32C031G6U6, STM32C031K4T3, STM32C031K4T6, STM32C031K4U3, STM32C031K4U6, STM32C031K6T3, STM32C031K6T6, STM32C031K6U3, STM32C031K6U6, STM32C051C6T6, STM32C051C6U6, STM32C051C8T6, STM32C051C8U6, STM32C051D8Y6TR, STM32C051F6P6, STM32C051F8P6, STM32C051G6U6, STM32C051G8U6, STM32C051K6T6, STM32C051K6U6, STM32C051K8T6, STM32C071C8T6, STM32C071C8T6N, STM32C071C8U6, STM32C071C8U6N, STM32C071CBT6, STM32C071CBT6N, STM32C071CBU6, STM32C071CBU6N, STM32C071F8P6, STM32C071F8P6N, STM32C071FBP6, STM32C071FBP6N, STM32C071FBY6TR, STM32C071G8U6, STM32C071G8U6N, STM32C071GBU6, STM32C071GBU6N, STM32C071K8T6, STM32C071K8T6N, STM32C071K8U6, STM32C071K8U6N, STM32C071KBT6, STM32C071KBT6N, STM32C071KBU6, STM32C071KBU6N, STM32C071R8T6, STM32C071R8T6N, STM32C071RBI6N, STM32C071RBT6, STM32C071RBT6N, STM32C091CBT6, STM32C091CBU6, STM32C091CCT6, STM32C091CCU6, STM32C091ECY6TR, STM32C091FBP6, STM32C091FCP6, STM32C091GBU6, STM32C091GCU6, STM32C091KBT6, STM32C091KBU6, STM32C091KCT6, STM32C091KCU6, STM32C091RBT6, STM32C091RCI6, STM32C091RCT6, STM32C092CBT6, STM32C092CBU6, STM32C092CCT6, STM32C092CCU6, STM32C092ECY6TR, STM32C092FBP6, STM32C092FCP6, STM32C092GBU6, STM32C092GCU6, STM32C092KBT6, STM32C092KBU6, STM32C092KCT6, STM32C092KCU6, STM32C092RBT6, STM32C092RCI6, STM32C092RCT6, STM32G071K8TXN, STM32G071K8UXN, STM32G081GBU6N, STM32G081KBT6N, STM32G081KBUXN, STM32G0B1CCT6N, STM32G0B1KCT6, STM32G0B1NEY6TR, STM32G0B1RCT6N, STM32G0C1CCT6, STM32G0C1CCT6N, STM32G0C1CCU6N, STM32G0C1CET6N, STM32G0C1CEU6N, STM32G0C1KCT6, STM32G0C1NEY6TR, STM32G0C1RCI6N, STM32G0C1RCT6N, STM32G0C1REI6N, STM32G0C1RET6N, STM32G0C1VCI6, STM32G0C1VEI6, STM32G411C6T3, STM32G411C6T6, STM32G411C6U3, STM32G411C6U6, STM32G411C8T3, STM32G411C8T6, STM32G411C8U3, STM32G411C8U6, STM32G411CBT3, STM32G411CBT6, STM32G411CBU3, STM32G411CBU6, STM32G411K6T3, STM32G411K6T6, STM32G411K6U3, STM32G411K6U6, STM32G411K8T3, STM32G411K8T6, STM32G411K8U3, STM32G411K8U6, STM32G411KBT3, STM32G411KBT6, STM32G411KBU3, STM32G411KBU6, STM32G411M6T3, STM32G411M6T6, STM32G411M8T3, STM32G411M8T6, STM32G411MBT3, STM32G411MBT6, STM32G411R6T3, STM32G411R6T6, STM32G411R8T3, STM32G411R8T6, STM32G411RBT3, STM32G411RBT6, STM32G414CBT3, STM32G414CBT6, STM32G414CBU3, STM32G414CBU6, STM32G414CCT3, STM32G414CCT6, STM32G414CCU3, STM32G414CCU6, STM32G414MBT3, STM32G414MBT6, STM32G414MCT3, STM32G414MCT6, STM32G414RBT3, STM32G414RBT6, STM32G414RCT3, STM32G414RCT6, STM32G414VBT3, STM32G414VBT6, STM32G414VCT3, STM32G414VCT6, STM32G431CBT3Z, STM32G431RBT3Z, STM32G471CCT6, STM32G471CCU6, STM32G471CET3, STM32G471CET6, STM32G471CEU3, STM32G471CEU6, STM32G471MCT6, STM32G471MET3, STM32G471MET6, STM32G471MEY6TR, STM32G471QCT6, STM32G471QET3, STM32G471RCT6, STM32G471RET3, STM32G471RET6, STM32G471VCH6, STM32G471VCI6, STM32G471VCT6, STM32G471VEH3, STM32G471VEH6, STM32G471VEI3, STM32G471VEI6, STM32G471VET3, STM32G471VET6, STM32G473QET3Z, STM32G473RET3Z, STM32G474CCT6, STM32G491RET3Z, STM32H503CBT6, STM32H503CBU6, STM32H503EBY6TR, STM32H503KBU6, STM32H503RBT6, STM32H523CCT6, STM32H523CCU6, STM32H523CET6, STM32H523CEU6, STM32H523HEY6TR, STM32H523RCT6, STM32H523RET6, STM32H523VCI6, STM32H523VCT6, STM32H523VEI6, STM32H523VET6, STM32H523ZCJ6, STM32H523ZCT6, STM32H523ZEJ6, STM32H523ZET6, STM32H533CET6, STM32H533CEU6, STM32H533HEY6TR, STM32H533RET6, STM32H533VEI6, STM32H533VET6, STM32H533ZEJ6, STM32H533ZET6, STM32H562AGI6, STM32H562AII6, STM32H562IGK6, STM32H562IGT6, STM32H562IIK6, STM32H562IIT6, STM32H562RGT6, STM32H562RGV6, STM32H562RIT6, STM32H562RIV6, STM32H562VGT6, STM32H562VIT6, STM32H562ZGT6, STM32H562ZIT6, STM32H563AGI6, STM32H563AII3Q, STM32H563AII6, STM32H563IGK6, STM32H563IGT6, STM32H563IIK3Q, STM32H563IIK6, STM32H563IIT3Q, STM32H563IIT6, STM32H563MIY3QTR, STM32H563RGT6, STM32H563RGV6, STM32H563RIT6, STM32H563RIV6, STM32H563VGT6, STM32H563VIT3Q, STM32H563VIT6, STM32H563ZGT6, STM32H563ZIT3Q, STM32H563ZIT6, STM32H573AII3Q, STM32H573AII6, STM32H573I-DK, STM32H573IIK3Q, STM32H573IIK6, STM32H573IIT3Q, STM32H573IIT6, STM32H573MIY3QTR, STM32H573RIT6, STM32H573RIV6, STM32H573VIT3Q, STM32H573VIT6, STM32H573ZIT3Q, STM32H573ZIT6, STM32H7R3A8I6, STM32H7R3I8K6, STM32H7R3I8T6, STM32H7R3L8H6, STM32H7R3L8H6H, STM32H7R3R8V6, STM32H7R3V8H6, STM32H7R3V8T6, STM32H7R3V8Y6TR, STM32H7R3Z8J6, STM32H7R3Z8T6, STM32H7R7A8I6, STM32H7R7I8K6, STM32H7R7I8T6, STM32H7R7L8H6, STM32H7R7L8H6H, STM32H7R7Z8J6, STM32H7S3A8I6, STM32H7S3I8K6, STM32H7S3I8T6, STM32H7S3L8H6, STM32H7S3L8H6H, STM32H7S3R8V6, STM32H7S3V8H6, STM32H7S3V8T6, STM32H7S3V8Y6TR, STM32H7S3Z8J6, STM32H7S3Z8T6, STM32H7S78-DK, STM32H7S7A8I6, STM32H7S7I8K6, STM32H7S7I8T6, STM32H7S7L8H6, STM32H7S7L8H6H, STM32H7S7Z8J6, STM32L4R5QGI6STR, STM32MP131AAE3, STM32MP131AAF3, STM32MP131AAG3, STM32MP131CAE3, STM32MP131CAF3, STM32MP131CAG3, STM32MP131DAE7, STM32MP131DAF7, STM32MP131DAG7, STM32MP131FAE7, STM32MP131FAF7, STM32MP131FAG7, STM32MP133AAE3, STM32MP133AAF3, STM32MP133AAG3, STM32MP133CAE3, STM32MP133CAF3, STM32MP133CAG3, STM32MP133DAE7, STM32MP133DAF7, STM32MP133DAG7, STM32MP133FAE7, STM32MP133FAF7, STM32MP133FAG7, STM32MP135AAE3, STM32MP135AAF3, STM32MP135AAG3, STM32MP135CAE3, STM32MP135CAF3, STM32MP135CAG3, STM32MP135DAE7, STM32MP135DAF7, STM32MP135DAG7, STM32MP135F-DK, STM32MP135FAE7, STM32MP135FAF7, STM32MP135FAF7T, STM32MP135FAF7U, STM32MP135FAG7, STM32MP211AAL3, STM32MP211AAM3, STM32MP211AAN3, STM32MP211AAO3, STM32MP211CAL3, STM32MP211CAM3, STM32MP211CAN3, STM32MP211CAO3, STM32MP211DAL3, STM32MP211DAM3, STM32MP211DAN3, STM32MP211DAO3, STM32MP211FAL3, STM32MP211FAM3, STM32MP211FAN3, STM32MP211FAO3, STM32MP213AAL3, STM32MP213AAM3, STM32MP213AAN3, STM32MP213AAO3, STM32MP213CAL3, STM32MP213CAM3, STM32MP213CAN3, STM32MP213CAO3, STM32MP213DAL3, STM32MP213DAM3, STM32MP213DAN3, STM32MP213DAO3, STM32MP213FAL3, STM32MP213FAM3, STM32MP213FAN3, STM32MP213FAO3, STM32MP215AAL3, STM32MP215AAM3, STM32MP215AAN3, STM32MP215AAO3, STM32MP215CAL3, STM32MP215CAM3, STM32MP215CAN3, STM32MP215CAO3, STM32MP215DAL3, STM32MP215DAM3, STM32MP215DAN3, STM32MP215DAO3, STM32MP215F-DK, STM32MP215FAL3, STM32MP215FAM3, STM32MP215FAN3, STM32MP215FAO3, STM32MP231AAJ3, STM32MP231AAK3, STM32MP231AAL3, STM32MP231CAJ3, STM32MP231CAK3, STM32MP231CAL3, STM32MP231DAJ3, STM32MP231DAK3, STM32MP231DAL3, STM32MP231FAJ3, STM32MP231FAK3, STM32MP231FAL3, STM32MP233AAJ3, STM32MP233AAK3, STM32MP233AAL3, STM32MP233CAJ3, STM32MP233CAK3, STM32MP233CAL3, STM32MP233DAJ3, STM32MP233DAK3, STM32MP233DAL3, STM32MP233FAJ3, STM32MP233FAK3, STM32MP233FAL3, STM32MP235AAJ3, STM32MP235AAK3, STM32MP235AAL3, STM32MP235CAJ3, STM32MP235CAK3, STM32MP235CAL3, STM32MP235DAJ3, STM32MP235DAK3, STM32MP235DAL3, STM32MP235FAJ3, STM32MP235FAK3, STM32MP235FAL3, STM32MP251AAI3, STM32MP251AAK3, STM32MP251AAL3, STM32MP251CAI3, STM32MP251CAK3, STM32MP251CAL3, STM32MP251DAI3, STM32MP251DAK3, STM32MP251DAL3, STM32MP251FAI3, STM32MP251FAK3, STM32MP251FAL3, STM32MP253AAI3, STM32MP253AAK3, STM32MP253AAL3, STM32MP253CAI3, STM32MP253CAK3, STM32MP253CAL3, STM32MP253DAI3, STM32MP253DAK3, STM32MP253DAL3, STM32MP253FAI3, STM32MP253FAK3, STM32MP253FAL3, STM32MP255AAI3, STM32MP255AAK3, STM32MP255AAL3, STM32MP255CAI3, STM32MP255CAK3, STM32MP255CAL3, STM32MP255DAI3, STM32MP255DAK3, STM32MP255DAL3, STM32MP255FAI3, STM32MP255FAK3, STM32MP255FAL3, STM32MP257AAI3, STM32MP257AAK3, STM32MP257AAL3, STM32MP257CAI3, STM32MP257CAK3, STM32MP257CAL3, STM32MP257DAI3, STM32MP257DAK3, STM32MP257DAL3, STM32MP257F-DK, STM32MP257F-EV1, STM32MP257FAI3, STM32MP257FAK3, STM32MP257FAL3, STM32N645A0H3Q, STM32N645B0H3Q, STM32N645I0H3Q, STM32N645L0H3Q, STM32N645X0H3Q, STM32N645Z0H3Q, STM32N647A0H3Q, STM32N647B0H3Q, STM32N647I0H3Q, STM32N647L0H3Q, STM32N647X0H3Q, STM32N647Z0H3Q, STM32N655A0H3Q, STM32N655B0H3Q, STM32N655I0H3Q, STM32N655L0H3Q, STM32N655X0H3Q, STM32N655Z0H3Q, STM32N6570-DK, STM32N657A0H3Q, STM32N657B0H3Q, STM32N657I0H3Q, STM32N657L0H3Q, STM32N657X0H3Q, STM32N657Z0H3Q, STM32U031C6T6, STM32U031C6U6, STM32U031C8T6, STM32U031C8U6, STM32U031F4P6, STM32U031F6P6, STM32U031F8P6, STM32U031G6Y6TR, STM32U031G8Y6TR, STM32U031K4U6, STM32U031K6U6, STM32U031K8U6, STM32U031R6I6, STM32U031R6T6, STM32U031R8I6, STM32U031R8T6, STM32U073C8T6, STM32U073C8U6, STM32U073CBT6, STM32U073CBU6, STM32U073CCT6, STM32U073CCU6, STM32U073H8Y6TR, STM32U073HBY6TR, STM32U073HCY6TR, STM32U073K8U6, STM32U073KBU6, STM32U073KCU6, STM32U073M8I6, STM32U073M8T6, STM32U073MBI6, STM32U073MBT6, STM32U073MCI6, STM32U073MCT6, STM32U073R8I6, STM32U073R8T6, STM32U073RBI6, STM32U073RBT6, STM32U073RCI6, STM32U073RCT6, STM32U083C-DK, STM32U083CCT6, STM32U083CCU6, STM32U083HCY6TR, STM32U083KCU6, STM32U083MCI6, STM32U083MCT6, STM32U083RCI6, STM32U083RCT6, STM32U375CET6, STM32U375CET6Q, STM32U375CEU6, STM32U375CEU6Q, STM32U375CEY6QTR, STM32U375CGT6, STM32U375CGT6Q, STM32U375CGU6, STM32U375CGU6Q, STM32U375CGY6QTR, STM32U375KEU6, STM32U375KGU6, STM32U375REI6, STM32U375REI6Q, STM32U375RET6, STM32U375RET6Q, STM32U375REY6GTR, STM32U375REY6QTR, STM32U375RGI6, STM32U375RGI6Q, STM32U375RGT6, STM32U375RGT6Q, STM32U375RGY6GTR, STM32U375RGY6QTR, STM32U375VEI6, STM32U375VEI6Q, STM32U375VET6, STM32U375VET6Q, STM32U375VGI6, STM32U375VGI6Q, STM32U375VGT6, STM32U375VGT6Q, STM32U385CGT6, STM32U385CGT6Q, STM32U385CGU6, STM32U385CGU6Q, STM32U385CGY6QTR, STM32U385KGU6, STM32U385RGI6, STM32U385RGI6Q, STM32U385RGT6, STM32U385RGT6Q, STM32U385RGY6GTR, STM32U385RGY6QTR, STM32U385VGI6, STM32U385VGI6Q, STM32U385VGT6, STM32U385VGT6Q, STM32U535CBT6, STM32U535CBT6Q, STM32U535CBU6, STM32U535CBU6Q, STM32U535CCT6, STM32U535CCT6Q, STM32U535CCU6, STM32U535CCU6Q, STM32U535CET6, STM32U535CET6Q, STM32U535CEU6, STM32U535CEU6Q, STM32U535JEY6QTR, STM32U535NCY6QTR, STM32U535NEY6QTR, STM32U535RBI6, STM32U535RBI6Q, STM32U535RBT6, STM32U535RBT6Q, STM32U535RCI6, STM32U535RCI6Q, STM32U535RCT6, STM32U535RCT6Q, STM32U535REI6, STM32U535REI6Q, STM32U535RET6, STM32U535RET6Q, STM32U535VCI6, STM32U535VCI6Q, STM32U535VCT6, STM32U535VCT6Q, STM32U535VEI6, STM32U535VEI6Q, STM32U535VET6, STM32U535VET6Q, STM32U545CET6, STM32U545CET6Q, STM32U545CEU6, STM32U545CEU6Q, STM32U545JEY6QTR, STM32U545NEY6QTR, STM32U545REI6, STM32U545REI6Q, STM32U545RET6, STM32U545RET6Q, STM32U545VEI6, STM32U545VEI6Q, STM32U545VET6, STM32U545VET6Q, STM32U595AIH6, STM32U595AIH6Q, STM32U595AJH6, STM32U595AJH6Q, STM32U595QII6, STM32U595QII6Q, STM32U595QJI6, STM32U595QJI6Q, STM32U595RIT6, STM32U595RIT6Q, STM32U595RJT6, STM32U595RJT6Q, STM32U595VIT6, STM32U595VIT6Q, STM32U595VJT6, STM32U595VJT6Q, STM32U595ZIT6, STM32U595ZIT6Q, STM32U595ZIY6QTR, STM32U595ZJT6, STM32U595ZJT6Q, STM32U595ZJY6QTR, STM32U599BJY6QTR, STM32U599NIH6Q, STM32U599NJH6Q, STM32U599VIT6Q, STM32U599VJT6, STM32U599VJT6Q, STM32U599ZIT6Q, STM32U599ZIY6QTR, STM32U599ZJT6Q, STM32U599ZJY6QTR, STM32U5A5AJH6, STM32U5A5AJH6Q, STM32U5A5QII3Q , STM32U5A5QJI6, STM32U5A5QJI6Q, STM32U5A5RJT6, STM32U5A5RJT6Q, STM32U5A5VJT6, STM32U5A5VJT6Q, STM32U5A5ZJT6, STM32U5A5ZJT6Q, STM32U5A5ZJY6QTR, STM32U5A9BJY6QTR, STM32U5A9J-DK, STM32U5A9NJH6Q, STM32U5A9VJT6Q, STM32U5A9ZJT6Q, STM32U5A9ZJY6QTR, STM32U5F7VIT6, STM32U5F7VIT6Q, STM32U5F7VJT6, STM32U5F7VJT6Q, STM32U5F9BJY6QTR, STM32U5F9NJH6Q, STM32U5F9VIT6Q, STM32U5F9VJT6Q, STM32U5F9ZIJ6QTR, STM32U5F9ZIT6Q, STM32U5F9ZJJ6QTR, STM32U5F9ZJT6Q, STM32U5G7VJT6, STM32U5G7VJT6Q, STM32U5G9BJY6QTR, STM32U5G9J-DK1, STM32U5G9J-DK2, STM32U5G9NJH6Q, STM32U5G9VJT6Q, STM32U5G9ZJJ6QTR, STM32U5G9ZJT6Q, STM32WB05KZV6TR, STM32WB05KZV7TR, STM32WB05TZF6TR, STM32WB05TZF7TR, STM32WB06CCF6TR, STM32WB06CCF7TR, STM32WB06CCV6TR, STM32WB06CCV7TR, STM32WB06KCV6TR, STM32WB06KCV7TR, STM32WB07CCF6TR, STM32WB07CCF7TR, STM32WB07CCV6TR, STM32WB07CCV7TR, STM32WB07KCV6TR, STM32WB07KCV7TR, STM32WB09KEV6TR, STM32WB09KEV7TR, STM32WB09TEF6TR, STM32WB09TEF7TR, STM32WB1MMCH6, STM32WBA50KGU6, STM32WBA50KGU6TR, STM32WBA52CEU6, STM32WBA52CEU6TR, STM32WBA52CEU7, STM32WBA52CEU7TR, STM32WBA52CGU6, STM32WBA52CGU6TR, STM32WBA52CGU6U, STM32WBA52CGU7, STM32WBA52CGU7TR, STM32WBA52KEU6, STM32WBA52KEU6TR, STM32WBA52KGU6, STM32WBA52KGU6TR, STM32WBA54CEU6, STM32WBA54CEU6TR, STM32WBA54CEU7, STM32WBA54CEU7TR, STM32WBA54CGU6, STM32WBA54CGU6TR, STM32WBA54CGU7, STM32WBA54CGU7TR, STM32WBA54KEU6, STM32WBA54KEU6TR, STM32WBA54KEU7, STM32WBA54KEU7TR, STM32WBA54KGU6, STM32WBA54KGU6TR, STM32WBA54KGU7, STM32WBA54KGU7TR, STM32WBA55CEU6, STM32WBA55CEU6TR, STM32WBA55CEU7, STM32WBA55CEU7TR, STM32WBA55CGU6, STM32WBA55CGU6TR, STM32WBA55CGU6U, STM32WBA55CGU7, STM32WBA55CGU7TR, STM32WBA55G-DK1, STM32WBA55HEF6, STM32WBA55HEF7, STM32WBA55HGF6, STM32WBA55HGF7, STM32WBA55UEI6, STM32WBA55UEI6TR, STM32WBA55UEI7, STM32WBA55UEI7TR, STM32WBA55UGI6, STM32WBA55UGI6TR, STM32WBA55UGI7, STM32WBA55UGI7TR, STM32WBA5MMGH6TR, STM32WBA62MGF6, STM32WBA62MIF6, STM32WBA65MGF7, STM32WBA65MIF6, STM32WBA65MIF7, STM32WL30K8V6, STM32WL30KBV6, STM32WL31C8V6, STM32WL31CBV6, STM32WL31K8V6, STM32WL31KBV6, STM32WL33C8V6, STM32WL33C8V6X, STM32WL33CBV6, STM32WL33CBV6X, STM32WL33CCV6, STM32WL33CCV6A, STM32WL33CCV6X, STM32WL33K8V7, STM32WL33K8V7X, STM32WL33KBV7 , STM32WL33KBV7X, STM32WL33KCV7, STM32WL33KCV7X, STM32WL5MOCH6, STM32WL5MOCH6TR]
2026-07-23 13:39:26,006 [INFO] ApiDb:668 - CubeFinder database Data Model version=2.1
2026-07-23 13:39:26,006 [INFO] ApiDb:669 - CubeFinder database Configuration version=3.0.42
2026-07-23 13:39:26,006 [INFO] ApiDb:670 - CubeFinder database generation date=2026-06-23 (1782213372)
2026-07-23 13:39:26,006 [INFO] ApiDb:671 - CubeFinder database FW Pack versions=[FP-ATR-ASTRA1_V2.0.0, FP-SNS-FLIGHT1_V5.1.0, FP-SNS-MOTENV1_V5.1.0, FP-SNS-MOTENVWB1_V1.5.0, FP-SNS-SMARTAG2_V1.2.0, FP-SNS-STBOX1_V2.1.0, STM32Cube_FW_C0_V1.4.0, STM32Cube_FW_F4_V1.28.3, STM32Cube_FW_F7_V1.17.4, STM32Cube_FW_G0_V1.6.3, STM32Cube_FW_G4_V1.6.2, STM32Cube_FW_H5_V1.7.0, STM32Cube_FW_H7RS_V1.3.0, STM32Cube_FW_H7_V1.13.0, STM32Cube_FW_L0_V1.12.2, STM32Cube_FW_L4_V1.18.2, STM32Cube_FW_L5_V1.6.0, STM32Cube_FW_N6_V1.4.0, STM32Cube_FW_U0_V1.3.0, STM32Cube_FW_U3_V1.4.0, STM32Cube_FW_U5_V1.9.0, STM32Cube_FW_WB0_V1.5.0, STM32Cube_FW_WBA_V1.10.0, STM32Cube_FW_WB_V1.24.0, STM32Cube_FW_WL3_V1.5.0, STM32Cube_FW_WL_V1.6.0, X-CUBE-ALGOBUILD_V1.5.0, X-CUBE-ALS_V1.0.2, X-CUBE-AZRTOS-F4_V1.1.0, X-CUBE-AZRTOS-F7_V1.1.0, X-CUBE-AZRTOS-G0_V1.1.0, X-CUBE-AZRTOS-G4_V2.0.0, X-CUBE-AZRTOS-H7RS_V1.1.0, X-CUBE-AZRTOS-H7_V3.5.0, X-CUBE-AZRTOS-L4_V2.0.0, X-CUBE-AZRTOS-L5_V2.0.0, X-CUBE-AZRTOS-WB_V2.0.0, X-CUBE-AZRTOS-WL_V2.0.0, X-CUBE-BLE1_V7.1.0, X-CUBE-BLE2_V3.3.0, X-CUBE-BLEMGR_V4.1.0, X-CUBE-EEPRMA1_V5.2.0, X-CUBE-FREERTOS_V1.5.0, X-CUBE-GNSS1_V7.1.1, X-CUBE-MEMS1_V12.1.0, X-CUBE-NFC4_V3.0.0, X-CUBE-NFC7_V2.0.0, X-CUBE-SFXS2LP1_V4.0.0, X-CUBE-ST67W61_V1.3.0, X-CUBE-SUBG2_V5.0.0, X-CUBE-TOF1_V3.4.3]
2026-07-23 13:39:27,378 [INFO] ApiDb:240 - Found 880 in-development CPN: [B-G473E-ZEST1S, B-WB1M-WPAN1, B-WBA5M-WPAN, B-WL5M-SUBG1, NUCLEO-C031C6, NUCLEO-C051C8, NUCLEO-C071RB, NUCLEO-C092RC, NUCLEO-H503RB, NUCLEO-H533RE, NUCLEO-H563ZI, NUCLEO-H7S3L8, NUCLEO-N657X0-Q, NUCLEO-U031R8, NUCLEO-U083RC, NUCLEO-U385RG-Q, NUCLEO-U545RE-Q, NUCLEO-U5A5ZJ-Q, NUCLEO-WB05KZ, NUCLEO-WB07CC, NUCLEO-WB09KE, NUCLEO-WBA52CG, NUCLEO-WBA55CG, NUCLEO-WL33CC1, NUCLEO-WL33CC2, STEVAL-PROTEUS1, STEVAL-SMARTAG2, STEVAL-STWINBX1, STM320518-EVAL, STM32C0116-DK, STM32C011D6Y3TR, STM32C011D6Y6TR, STM32C011F4P3, STM32C011F4P6, STM32C011F4U3, STM32C011F4U6TR, STM32C011F6P3, STM32C011F6P6, STM32C011F6U3, STM32C011F6U6TR, STM32C011J4M3, STM32C011J4M6, STM32C011J6M3, STM32C011J6M6, STM32C0316-DK, STM32C031C4T3, STM32C031C4T6, STM32C031C4U3, STM32C031C4U6, STM32C031C6T3, STM32C031C6T6, STM32C031C6U3, STM32C031C6U6, STM32C031F4P3, STM32C031F4P6, STM32C031F6P3, STM32C031F6P6, STM32C031G4U3, STM32C031G4U6, STM32C031G6U3, STM32C031G6U6, STM32C031K4T3, STM32C031K4T6, STM32C031K4U3, STM32C031K4U6, STM32C031K6T3, STM32C031K6T6, STM32C031K6U3, STM32C031K6U6, STM32C051C6T6, STM32C051C6U6, STM32C051C8T6, STM32C051C8U6, STM32C051D8Y6TR, STM32C051F6P6, STM32C051F8P6, STM32C051G6U6, STM32C051G8U6, STM32C051K6T6, STM32C051K6U6, STM32C051K8T6, STM32C071C8T6, STM32C071C8T6N, STM32C071C8U6, STM32C071C8U6N, STM32C071CBT6, STM32C071CBT6N, STM32C071CBU6, STM32C071CBU6N, STM32C071F8P6, STM32C071F8P6N, STM32C071FBP6, STM32C071FBP6N, STM32C071FBY6TR, STM32C071G8U6, STM32C071G8U6N, STM32C071GBU6, STM32C071GBU6N, STM32C071K8T6, STM32C071K8T6N, STM32C071K8U6, STM32C071K8U6N, STM32C071KBT6, STM32C071KBT6N, STM32C071KBU6, STM32C071KBU6N, STM32C071R8T6, STM32C071R8T6N, STM32C071RBI6N, STM32C071RBT6, STM32C071RBT6N, STM32C091CBT6, STM32C091CBU6, STM32C091CCT6, STM32C091CCU6, STM32C091ECY6TR, STM32C091FBP6, STM32C091FCP6, STM32C091GBU6, STM32C091GCU6, STM32C091KBT6, STM32C091KBU6, STM32C091KCT6, STM32C091KCU6, STM32C091RBT6, STM32C091RCI6, STM32C091RCT6, STM32C092CBT6, STM32C092CBU6, STM32C092CCT6, STM32C092CCU6, STM32C092ECY6TR, STM32C092FBP6, STM32C092FCP6, STM32C092GBU6, STM32C092GCU6, STM32C092KBT6, STM32C092KBU6, STM32C092KCT6, STM32C092KCU6, STM32C092RBT6, STM32C092RCI6, STM32C092RCT6, STM32G071K8TXN, STM32G071K8UXN, STM32G081GBU6N, STM32G081KBT6N, STM32G081KBUXN, STM32G0B1CCT6N, STM32G0B1KCT6, STM32G0B1NEY6TR, STM32G0B1RCT6N, STM32G0C1CCT6, STM32G0C1CCT6N, STM32G0C1CCU6N, STM32G0C1CET6N, STM32G0C1CEU6N, STM32G0C1KCT6, STM32G0C1NEY6TR, STM32G0C1RCI6N, STM32G0C1RCT6N, STM32G0C1REI6N, STM32G0C1RET6N, STM32G0C1VCI6, STM32G0C1VEI6, STM32G411C6T3, STM32G411C6T6, STM32G411C6U3, STM32G411C6U6, STM32G411C8T3, STM32G411C8T6, STM32G411C8U3, STM32G411C8U6, STM32G411CBT3, STM32G411CBT6, STM32G411CBU3, STM32G411CBU6, STM32G411K6T3, STM32G411K6T6, STM32G411K6U3, STM32G411K6U6, STM32G411K8T3, STM32G411K8T6, STM32G411K8U3, STM32G411K8U6, STM32G411KBT3, STM32G411KBT6, STM32G411KBU3, STM32G411KBU6, STM32G411M6T3, STM32G411M6T6, STM32G411M8T3, STM32G411M8T6, STM32G411MBT3, STM32G411MBT6, STM32G411R6T3, STM32G411R6T6, STM32G411R8T3, STM32G411R8T6, STM32G411RBT3, STM32G411RBT6, STM32G414CBT3, STM32G414CBT6, STM32G414CBU3, STM32G414CBU6, STM32G414CCT3, STM32G414CCT6, STM32G414CCU3, STM32G414CCU6, STM32G414MBT3, STM32G414MBT6, STM32G414MCT3, STM32G414MCT6, STM32G414RBT3, STM32G414RBT6, STM32G414RCT3, STM32G414RCT6, STM32G414VBT3, STM32G414VBT6, STM32G414VCT3, STM32G414VCT6, STM32G431CBT3Z, STM32G431RBT3Z, STM32G471CCT6, STM32G471CCU6, STM32G471CET3, STM32G471CET6, STM32G471CEU3, STM32G471CEU6, STM32G471MCT6, STM32G471MET3, STM32G471MET6, STM32G471MEY6TR, STM32G471QCT6, STM32G471QET3, STM32G471RCT6, STM32G471RET3, STM32G471RET6, STM32G471VCH6, STM32G471VCI6, STM32G471VCT6, STM32G471VEH3, STM32G471VEH6, STM32G471VEI3, STM32G471VEI6, STM32G471VET3, STM32G471VET6, STM32G473QET3Z, STM32G473RET3Z, STM32G474CCT6, STM32G491RET3Z, STM32H503CBT6, STM32H503CBU6, STM32H503EBY6TR, STM32H503KBU6, STM32H503RBT6, STM32H523CCT6, STM32H523CCU6, STM32H523CET6, STM32H523CEU6, STM32H523HEY6TR, STM32H523RCT6, STM32H523RET6, STM32H523VCI6, STM32H523VCT6, STM32H523VEI6, STM32H523VET6, STM32H523ZCJ6, STM32H523ZCT6, STM32H523ZEJ6, STM32H523ZET6, STM32H533CET6, STM32H533CEU6, STM32H533HEY6TR, STM32H533RET6, STM32H533VEI6, STM32H533VET6, STM32H533ZEJ6, STM32H533ZET6, STM32H562AGI6, STM32H562AII6, STM32H562IGK6, STM32H562IGT6, STM32H562IIK6, STM32H562IIT6, STM32H562RGT6, STM32H562RGV6, STM32H562RIT6, STM32H562RIV6, STM32H562VGT6, STM32H562VIT6, STM32H562ZGT6, STM32H562ZIT6, STM32H563AGI6, STM32H563AII3Q, STM32H563AII6, STM32H563IGK6, STM32H563IGT6, STM32H563IIK3Q, STM32H563IIK6, STM32H563IIT3Q, STM32H563IIT6, STM32H563MIY3QTR, STM32H563RGT6, STM32H563RGV6, STM32H563RIT6, STM32H563RIV6, STM32H563VGT6, STM32H563VIT3Q, STM32H563VIT6, STM32H563ZGT6, STM32H563ZIT3Q, STM32H563ZIT6, STM32H573AII3Q, STM32H573AII6, STM32H573I-DK, STM32H573IIK3Q, STM32H573IIK6, STM32H573IIT3Q, STM32H573IIT6, STM32H573MIY3QTR, STM32H573RIT6, STM32H573RIV6, STM32H573VIT3Q, STM32H573VIT6, STM32H573ZIT3Q, STM32H573ZIT6, STM32H7R3A8I6, STM32H7R3I8K6, STM32H7R3I8T6, STM32H7R3L8H6, STM32H7R3L8H6H, STM32H7R3R8V6, STM32H7R3V8H6, STM32H7R3V8T6, STM32H7R3V8Y6TR, STM32H7R3Z8J6, STM32H7R3Z8T6, STM32H7R7A8I6, STM32H7R7I8K6, STM32H7R7I8T6, STM32H7R7L8H6, STM32H7R7L8H6H, STM32H7R7Z8J6, STM32H7S3A8I6, STM32H7S3I8K6, STM32H7S3I8T6, STM32H7S3L8H6, STM32H7S3L8H6H, STM32H7S3R8V6, STM32H7S3V8H6, STM32H7S3V8T6, STM32H7S3V8Y6TR, STM32H7S3Z8J6, STM32H7S3Z8T6, STM32H7S78-DK, STM32H7S7A8I6, STM32H7S7I8K6, STM32H7S7I8T6, STM32H7S7L8H6, STM32H7S7L8H6H, STM32H7S7Z8J6, STM32L4R5QGI6STR, STM32MP131AAE3, STM32MP131AAF3, STM32MP131AAG3, STM32MP131CAE3, STM32MP131CAF3, STM32MP131CAG3, STM32MP131DAE7, STM32MP131DAF7, STM32MP131DAG7, STM32MP131FAE7, STM32MP131FAF7, STM32MP131FAG7, STM32MP133AAE3, STM32MP133AAF3, STM32MP133AAG3, STM32MP133CAE3, STM32MP133CAF3, STM32MP133CAG3, STM32MP133DAE7, STM32MP133DAF7, STM32MP133DAG7, STM32MP133FAE7, STM32MP133FAF7, STM32MP133FAG7, STM32MP135AAE3, STM32MP135AAF3, STM32MP135AAG3, STM32MP135CAE3, STM32MP135CAF3, STM32MP135CAG3, STM32MP135DAE7, STM32MP135DAF7, STM32MP135DAG7, STM32MP135F-DK, STM32MP135FAE7, STM32MP135FAF7, STM32MP135FAF7T, STM32MP135FAF7U, STM32MP135FAG7, STM32MP211AAL3, STM32MP211AAM3, STM32MP211AAN3, STM32MP211AAO3, STM32MP211CAL3, STM32MP211CAM3, STM32MP211CAN3, STM32MP211CAO3, STM32MP211DAL3, STM32MP211DAM3, STM32MP211DAN3, STM32MP211DAO3, STM32MP211FAL3, STM32MP211FAM3, STM32MP211FAN3, STM32MP211FAO3, STM32MP213AAL3, STM32MP213AAM3, STM32MP213AAN3, STM32MP213AAO3, STM32MP213CAL3, STM32MP213CAM3, STM32MP213CAN3, STM32MP213CAO3, STM32MP213DAL3, STM32MP213DAM3, STM32MP213DAN3, STM32MP213DAO3, STM32MP213FAL3, STM32MP213FAM3, STM32MP213FAN3, STM32MP213FAO3, STM32MP215AAL3, STM32MP215AAM3, STM32MP215AAN3, STM32MP215AAO3, STM32MP215CAL3, STM32MP215CAM3, STM32MP215CAN3, STM32MP215CAO3, STM32MP215DAL3, STM32MP215DAM3, STM32MP215DAN3, STM32MP215DAO3, STM32MP215F-DK, STM32MP215FAL3, STM32MP215FAM3, STM32MP215FAN3, STM32MP215FAO3, STM32MP231AAJ3, STM32MP231AAK3, STM32MP231AAL3, STM32MP231CAJ3, STM32MP231CAK3, STM32MP231CAL3, STM32MP231DAJ3, STM32MP231DAK3, STM32MP231DAL3, STM32MP231FAJ3, STM32MP231FAK3, STM32MP231FAL3, STM32MP233AAJ3, STM32MP233AAK3, STM32MP233AAL3, STM32MP233CAJ3, STM32MP233CAK3, STM32MP233CAL3, STM32MP233DAJ3, STM32MP233DAK3, STM32MP233DAL3, STM32MP233FAJ3, STM32MP233FAK3, STM32MP233FAL3, STM32MP235AAJ3, STM32MP235AAK3, STM32MP235AAL3, STM32MP235CAJ3, STM32MP235CAK3, STM32MP235CAL3, STM32MP235DAJ3, STM32MP235DAK3, STM32MP235DAL3, STM32MP235FAJ3, STM32MP235FAK3, STM32MP235FAL3, STM32MP251AAI3, STM32MP251AAK3, STM32MP251AAL3, STM32MP251CAI3, STM32MP251CAK3, STM32MP251CAL3, STM32MP251DAI3, STM32MP251DAK3, STM32MP251DAL3, STM32MP251FAI3, STM32MP251FAK3, STM32MP251FAL3, STM32MP253AAI3, STM32MP253AAK3, STM32MP253AAL3, STM32MP253CAI3, STM32MP253CAK3, STM32MP253CAL3, STM32MP253DAI3, STM32MP253DAK3, STM32MP253DAL3, STM32MP253FAI3, STM32MP253FAK3, STM32MP253FAL3, STM32MP255AAI3, STM32MP255AAK3, STM32MP255AAL3, STM32MP255CAI3, STM32MP255CAK3, STM32MP255CAL3, STM32MP255DAI3, STM32MP255DAK3, STM32MP255DAL3, STM32MP255FAI3, STM32MP255FAK3, STM32MP255FAL3, STM32MP257AAI3, STM32MP257AAK3, STM32MP257AAL3, STM32MP257CAI3, STM32MP257CAK3, STM32MP257CAL3, STM32MP257DAI3, STM32MP257DAK3, STM32MP257DAL3, STM32MP257F-DK, STM32MP257F-EV1, STM32MP257FAI3, STM32MP257FAK3, STM32MP257FAL3, STM32N645A0H3Q, STM32N645B0H3Q, STM32N645I0H3Q, STM32N645L0H3Q, STM32N645X0H3Q, STM32N645Z0H3Q, STM32N647A0H3Q, STM32N647B0H3Q, STM32N647I0H3Q, STM32N647L0H3Q, STM32N647X0H3Q, STM32N647Z0H3Q, STM32N655A0H3Q, STM32N655B0H3Q, STM32N655I0H3Q, STM32N655L0H3Q, STM32N655X0H3Q, STM32N655Z0H3Q, STM32N6570-DK, STM32N657A0H3Q, STM32N657B0H3Q, STM32N657I0H3Q, STM32N657L0H3Q, STM32N657X0H3Q, STM32N657Z0H3Q, STM32U031C6T6, STM32U031C6U6, STM32U031C8T6, STM32U031C8U6, STM32U031F4P6, STM32U031F6P6, STM32U031F8P6, STM32U031G6Y6TR, STM32U031G8Y6TR, STM32U031K4U6, STM32U031K6U6, STM32U031K8U6, STM32U031R6I6, STM32U031R6T6, STM32U031R8I6, STM32U031R8T6, STM32U073C8T6, STM32U073C8U6, STM32U073CBT6, STM32U073CBU6, STM32U073CCT6, STM32U073CCU6, STM32U073H8Y6TR, STM32U073HBY6TR, STM32U073HCY6TR, STM32U073K8U6, STM32U073KBU6, STM32U073KCU6, STM32U073M8I6, STM32U073M8T6, STM32U073MBI6, STM32U073MBT6, STM32U073MCI6, STM32U073MCT6, STM32U073R8I6, STM32U073R8T6, STM32U073RBI6, STM32U073RBT6, STM32U073RCI6, STM32U073RCT6, STM32U083C-DK, STM32U083CCT6, STM32U083CCU6, STM32U083HCY6TR, STM32U083KCU6, STM32U083MCI6, STM32U083MCT6, STM32U083RCI6, STM32U083RCT6, STM32U375CET6, STM32U375CET6Q, STM32U375CEU6, STM32U375CEU6Q, STM32U375CEY6QTR, STM32U375CGT6, STM32U375CGT6Q, STM32U375CGU6, STM32U375CGU6Q, STM32U375CGY6QTR, STM32U375KEU6, STM32U375KGU6, STM32U375REI6, STM32U375REI6Q, STM32U375RET6, STM32U375RET6Q, STM32U375REY6GTR, STM32U375REY6QTR, STM32U375RGI6, STM32U375RGI6Q, STM32U375RGT6, STM32U375RGT6Q, STM32U375RGY6GTR, STM32U375RGY6QTR, STM32U375VEI6, STM32U375VEI6Q, STM32U375VET6, STM32U375VET6Q, STM32U375VGI6, STM32U375VGI6Q, STM32U375VGT6, STM32U375VGT6Q, STM32U385CGT6, STM32U385CGT6Q, STM32U385CGU6, STM32U385CGU6Q, STM32U385CGY6QTR, STM32U385KGU6, STM32U385RGI6, STM32U385RGI6Q, STM32U385RGT6, STM32U385RGT6Q, STM32U385RGY6GTR, STM32U385RGY6QTR, STM32U385VGI6, STM32U385VGI6Q, STM32U385VGT6, STM32U385VGT6Q, STM32U535CBT6, STM32U535CBT6Q, STM32U535CBU6, STM32U535CBU6Q, STM32U535CCT6, STM32U535CCT6Q, STM32U535CCU6, STM32U535CCU6Q, STM32U535CET6, STM32U535CET6Q, STM32U535CEU6, STM32U535CEU6Q, STM32U535JEY6QTR, STM32U535NCY6QTR, STM32U535NEY6QTR, STM32U535RBI6, STM32U535RBI6Q, STM32U535RBT6, STM32U535RBT6Q, STM32U535RCI6, STM32U535RCI6Q, STM32U535RCT6, STM32U535RCT6Q, STM32U535REI6, STM32U535REI6Q, STM32U535RET6, STM32U535RET6Q, STM32U535VCI6, STM32U535VCI6Q, STM32U535VCT6, STM32U535VCT6Q, STM32U535VEI6, STM32U535VEI6Q, STM32U535VET6, STM32U535VET6Q, STM32U545CET6, STM32U545CET6Q, STM32U545CEU6, STM32U545CEU6Q, STM32U545JEY6QTR, STM32U545NEY6QTR, STM32U545REI6, STM32U545REI6Q, STM32U545RET6, STM32U545RET6Q, STM32U545VEI6, STM32U545VEI6Q, STM32U545VET6, STM32U545VET6Q, STM32U595AIH6, STM32U595AIH6Q, STM32U595AJH6, STM32U595AJH6Q, STM32U595QII6, STM32U595QII6Q, STM32U595QJI6, STM32U595QJI6Q, STM32U595RIT6, STM32U595RIT6Q, STM32U595RJT6, STM32U595RJT6Q, STM32U595VIT6, STM32U595VIT6Q, STM32U595VJT6, STM32U595VJT6Q, STM32U595ZIT6, STM32U595ZIT6Q, STM32U595ZIY6QTR, STM32U595ZJT6, STM32U595ZJT6Q, STM32U595ZJY6QTR, STM32U599BJY6QTR, STM32U599NIH6Q, STM32U599NJH6Q, STM32U599VIT6Q, STM32U599VJT6, STM32U599VJT6Q, STM32U599ZIT6Q, STM32U599ZIY6QTR, STM32U599ZJT6Q, STM32U599ZJY6QTR, STM32U5A5AJH6, STM32U5A5AJH6Q, STM32U5A5QII3Q , STM32U5A5QJI6, STM32U5A5QJI6Q, STM32U5A5RJT6, STM32U5A5RJT6Q, STM32U5A5VJT6, STM32U5A5VJT6Q, STM32U5A5ZJT6, STM32U5A5ZJT6Q, STM32U5A5ZJY6QTR, STM32U5A9BJY6QTR, STM32U5A9J-DK, STM32U5A9NJH6Q, STM32U5A9VJT6Q, STM32U5A9ZJT6Q, STM32U5A9ZJY6QTR, STM32U5F7VIT6, STM32U5F7VIT6Q, STM32U5F7VJT6, STM32U5F7VJT6Q, STM32U5F9BJY6QTR, STM32U5F9NJH6Q, STM32U5F9VIT6Q, STM32U5F9VJT6Q, STM32U5F9ZIJ6QTR, STM32U5F9ZIT6Q, STM32U5F9ZJJ6QTR, STM32U5F9ZJT6Q, STM32U5G7VJT6, STM32U5G7VJT6Q, STM32U5G9BJY6QTR, STM32U5G9J-DK1, STM32U5G9J-DK2, STM32U5G9NJH6Q, STM32U5G9VJT6Q, STM32U5G9ZJJ6QTR, STM32U5G9ZJT6Q, STM32WB05KZV6TR, STM32WB05KZV7TR, STM32WB05TZF6TR, STM32WB05TZF7TR, STM32WB06CCF6TR, STM32WB06CCF7TR, STM32WB06CCV6TR, STM32WB06CCV7TR, STM32WB06KCV6TR, STM32WB06KCV7TR, STM32WB07CCF6TR, STM32WB07CCF7TR, STM32WB07CCV6TR, STM32WB07CCV7TR, STM32WB07KCV6TR, STM32WB07KCV7TR, STM32WB09KEV6TR, STM32WB09KEV7TR, STM32WB09TEF6TR, STM32WB09TEF7TR, STM32WB1MMCH6, STM32WBA50KGU6, STM32WBA50KGU6TR, STM32WBA52CEU6, STM32WBA52CEU6TR, STM32WBA52CEU7, STM32WBA52CEU7TR, STM32WBA52CGU6, STM32WBA52CGU6TR, STM32WBA52CGU6U, STM32WBA52CGU7, STM32WBA52CGU7TR, STM32WBA52KEU6, STM32WBA52KEU6TR, STM32WBA52KGU6, STM32WBA52KGU6TR, STM32WBA54CEU6, STM32WBA54CEU6TR, STM32WBA54CEU7, STM32WBA54CEU7TR, STM32WBA54CGU6, STM32WBA54CGU6TR, STM32WBA54CGU7, STM32WBA54CGU7TR, STM32WBA54KEU6, STM32WBA54KEU6TR, STM32WBA54KEU7, STM32WBA54KEU7TR, STM32WBA54KGU6, STM32WBA54KGU6TR, STM32WBA54KGU7, STM32WBA54KGU7TR, STM32WBA55CEU6, STM32WBA55CEU6TR, STM32WBA55CEU7, STM32WBA55CEU7TR, STM32WBA55CGU6, STM32WBA55CGU6TR, STM32WBA55CGU6U, STM32WBA55CGU7, STM32WBA55CGU7TR, STM32WBA55G-DK1, STM32WBA55HEF6, STM32WBA55HEF7, STM32WBA55HGF6, STM32WBA55HGF7, STM32WBA55UEI6, STM32WBA55UEI6TR, STM32WBA55UEI7, STM32WBA55UEI7TR, STM32WBA55UGI6, STM32WBA55UGI6TR, STM32WBA55UGI7, STM32WBA55UGI7TR, STM32WBA5MMGH6TR, STM32WBA62MGF6, STM32WBA62MIF6, STM32WBA65MGF7, STM32WBA65MIF6, STM32WBA65MIF7, STM32WL30K8V6, STM32WL30KBV6, STM32WL31C8V6, STM32WL31CBV6, STM32WL31K8V6, STM32WL31KBV6, STM32WL33C8V6, STM32WL33C8V6X, STM32WL33CBV6, STM32WL33CBV6X, STM32WL33CCV6, STM32WL33CCV6A, STM32WL33CCV6X, STM32WL33K8V7, STM32WL33K8V7X, STM32WL33KBV7 , STM32WL33KBV7X, STM32WL33KCV7, STM32WL33KCV7X, STM32WL5MOCH6, STM32WL5MOCH6TR]
2026-07-23 13:39:27,382 [INFO] DbMcus:218 - Found 5250 MCUs, 5097 are supported
2026-07-23 13:39:27,382 [INFO] ApiDb:423 - Load user favorites file C:\Users\danny/.stm32cubeide/favorites.mcus.txt: 3 item(s)
2026-07-23 13:39:27,382 [INFO] ApiDb:427 - User favorites MCUs=[STM32F407IGH6TR, STM32F411CEU6, STM32F411RET6]
2026-07-23 13:39:27,383 [INFO] DbMcus:224 - Set 3 / 3 favorites MCUs
2026-07-23 13:39:27,843 [INFO] BoardInfo:889 - No configuration file found for board NUCLEO-H5E5ZJ
2026-07-23 13:39:27,845 [INFO] DbBoards:161 - Board is not supported: NUCLEO-H5E5ZJ
2026-07-23 13:39:27,915 [INFO] BoardInfo:889 - No configuration file found for board NUCLEO-U3C5ZI-Q
2026-07-23 13:39:27,916 [INFO] DbBoards:161 - Board is not supported: NUCLEO-U3C5ZI-Q
2026-07-23 13:39:27,931 [INFO] BoardInfo:889 - No configuration file found for board NUCLEO-WBA25CE1
2026-07-23 13:39:27,932 [INFO] DbBoards:161 - Board is not supported: NUCLEO-WBA25CE1
2026-07-23 13:39:27,940 [INFO] BoardInfo:889 - No configuration file found for board NUCLEO-WL3RKB1
2026-07-23 13:39:27,941 [INFO] DbBoards:161 - Board is not supported: NUCLEO-WL3RKB1
2026-07-23 13:39:27,942 [INFO] BoardInfo:889 - No configuration file found for board NUCLEO-WL3RKB2
2026-07-23 13:39:27,943 [INFO] DbBoards:161 - Board is not supported: NUCLEO-WL3RKB2
2026-07-23 13:39:27,949 [INFO] BoardInfo:889 - No configuration file found for board P-NUCLEO-WB55
2026-07-23 13:39:27,950 [INFO] DbBoards:161 - Kit is not supported: P-NUCLEO-WB55
2026-07-23 13:39:27,955 [INFO] BoardInfo:889 - No configuration file found for board STEVAL-BFA001V1B
2026-07-23 13:39:27,956 [INFO] DbBoards:161 - Kit is not supported: STEVAL-BFA001V1B
2026-07-23 13:39:27,957 [INFO] BoardInfo:889 - No configuration file found for board STEVAL-BFA001V2B
2026-07-23 13:39:27,958 [INFO] DbBoards:161 - Kit is not supported: STEVAL-BFA001V2B
2026-07-23 13:39:28,047 [INFO] BoardInfo:889 - No configuration file found for board STM32H5F5J-DK
2026-07-23 13:39:28,049 [INFO] DbBoards:161 - Board is not supported: STM32H5F5J-DK
2026-07-23 13:39:28,116 [INFO] DbBoards:168 - Found 218 boards, 209 are supported
2026-07-23 13:39:28,116 [INFO] DbBoards:169 - Found 218 boards, 43 of them is supported for  Bsp
2026-07-23 13:39:28,119 [INFO] ApiDb:423 - Load user favorites file C:\Users\danny/.stm32cubeide/favorites.boards.txt: 0 item(s)
2026-07-23 13:39:28,119 [INFO] ApiDb:427 - User favorites Boards=[]
2026-07-23 13:39:28,119 [INFO] DbBoards:198 - Set 0 / 0 favorites Boards
2026-07-23 13:39:28,159 [INFO] UtilMem:75 - End LoadConfig() Used Memory: 283124608 Bytes (367001600)
2026-07-23 13:39:28,222 [WARN] ThirdParty:833 - waiting for thirdparty lock release [change project]
2026-07-23 13:39:28,222 [INFO] ThirdParty:835 - entering critical section [change project]
2026-07-23 13:39:28,222 [INFO] ThirdParty:1030 - CMSIS Pack Vendor :STMicroelectronics X-CUBE-AZRTOS-H7 3.5.0
2026-07-23 13:39:28,222 [INFO] ThirdParty:1030 - CMSIS Pack Vendor :STMicroelectronics X-CUBE-PM33A1 1.0.0
2026-07-23 13:39:28,222 [INFO] ThirdParty:1030 - CMSIS Pack Vendor :STMicroelectronics USBPD 4.1
2026-07-23 13:39:28,222 [INFO] ThirdParty:1030 - CMSIS Pack Vendor :STMicroelectronics USB_HOST 2.0.0
2026-07-23 13:39:28,222 [INFO] ThirdParty:1030 - CMSIS Pack Vendor :STMicroelectronics FP-SNS-MOTENVWB1 1.4.0
2026-07-23 13:39:28,222 [INFO] ThirdParty:1030 - CMSIS Pack Vendor :STMicroelectronics FP-ATR-ASTRA1 2.0.3
2026-07-23 13:39:28,222 [INFO] ThirdParty:1030 - CMSIS Pack Vendor :STMicroelectronics X-CUBE-AZRTOS-F4 1.1.0
2026-07-23 13:39:28,222 [INFO] ThirdParty:1030 - CMSIS Pack Vendor :STMicroelectronics LIBJPEG 8.0.0
2026-07-23 13:39:28,222 [INFO] ThirdParty:1030 - CMSIS Pack Vendor :STMicroelectronics FP-ATR-ASTRA1 2.0.2
2026-07-23 13:39:28,222 [INFO] ThirdParty:1030 - CMSIS Pack Vendor :Avnet-IotConnect X-CUBE-IoTC-DA16k-PMOD 1.0.0
2026-07-23 13:39:28,222 [INFO] ThirdParty:1030 - CMSIS Pack Vendor :STMicroelectronics X-CUBE-SMBUS 2.1.0
2026-07-23 13:39:28,222 [INFO] ThirdParty:1030 - CMSIS Pack Vendor :STMicroelectronics X-CUBE-WB05N 1.1.0
2026-07-23 13:39:28,222 [INFO] ThirdParty:1030 - CMSIS Pack Vendor :STMicroelectronics X-CUBE-ISPU 2.1.0
2026-07-23 13:39:28,222 [INFO] ThirdParty:1030 - CMSIS Pack Vendor :STMicroelectronics X-CUBE-IPS 3.2.0
2026-07-23 13:39:28,222 [INFO] ThirdParty:1030 - CMSIS Pack Vendor :STMicroelectronics eDS-WB_DPC_TT-BIDIR 2.1.1
2026-07-23 13:39:28,222 [INFO] ThirdParty:1030 - CMSIS Pack Vendor :STMicroelectronics X-CUBE-ST60 1.0.0
2026-07-23 13:39:28,222 [INFO] ThirdParty:1030 - CMSIS Pack Vendor :STMicroelectronics X-CUBE-NFC12 1.0.0
2026-07-23 13:39:28,222 [INFO] ThirdParty:1030 - CMSIS Pack Vendor :STMicroelectronics X-CUBE-AZRTOS-F7 1.1.0
2026-07-23 13:39:28,222 [INFO] ThirdParty:1030 - CMSIS Pack Vendor :STMicroelectronics X-CUBE-AZRTOS-L5 2.0.0
2026-07-23 13:39:28,222 [INFO] ThirdParty:1030 - CMSIS Pack Vendor :STMicroelectronics USB_DEVICE 2.0.0
2026-07-23 13:39:28,222 [INFO] ThirdParty:1030 - CMSIS Pack Vendor :STMicroelectronics X-CUBE-FREERTOS 1.6.0
2026-07-23 13:39:28,222 [INFO] ThirdParty:1030 - CMSIS Pack Vendor :STMicroelectronics X-CUBE-NFC6 3.1.0
2026-07-23 13:39:28,222 [INFO] ThirdParty:1030 - CMSIS Pack Vendor :STMicroelectronics X-CUBE-ALGOBUILD 1.5.0
2026-07-23 13:39:28,222 [INFO] ThirdParty:1030 - CMSIS Pack Vendor :STMicroelectronics FP-SNS-MOTENV1 5.1.0
2026-07-23 13:39:28,222 [INFO] ThirdParty:1030 - CMSIS Pack Vendor :STMicroelectronics FreeRTOS 0.0.1
2026-07-23 13:39:28,222 [INFO] ThirdParty:1030 - CMSIS Pack Vendor :STMicroelectronics X-CUBE-AZRTOS-H7RS 1.3.0
2026-07-23 13:39:28,222 [INFO] ThirdParty:1030 - CMSIS Pack Vendor :STMicroelectronics eDS-WB_DPC_VIENNA 1.2.0
2026-07-23 13:39:28,223 [INFO] ThirdParty:1030 - CMSIS Pack Vendor :STMicroelectronics eDS-WB_DPC_3PH2L-BIDIR 1.1.1
2026-07-23 13:39:28,223 [INFO] ThirdParty:1030 - CMSIS Pack Vendor :Infineon AIROC-Wi-Fi-Bluetooth-STM32 1.7.0
2026-07-23 13:39:28,223 [INFO] ThirdParty:1030 - CMSIS Pack Vendor :STMicroelectronics PDM2PCM 3.3.0
2026-07-23 13:39:28,223 [INFO] ThirdParty:1030 - CMSIS Pack Vendor :STMicroelectronics X-CUBE-AZRTOS-H7 3.4.0
2026-07-23 13:39:28,223 [INFO] ThirdParty:1030 - CMSIS Pack Vendor :STMicroelectronics X-CUBE-DISPLAY 3.0.0
2026-07-23 13:39:28,223 [INFO] ThirdParty:1030 - CMSIS Pack Vendor :STMicroelectronics X-CUBE-GNSS1 7.1.1
2026-07-23 13:39:28,223 [INFO] ThirdParty:1030 - CMSIS Pack Vendor :STMicroelectronics FP-SNS-MOTENVWB1 1.5.0
2026-07-23 13:39:28,223 [INFO] ThirdParty:1030 - CMSIS Pack Vendor :STMicroelectronics X-CUBE-NFC10 1.0.0
2026-07-23 13:39:28,223 [INFO] ThirdParty:1030 - CMSIS Pack Vendor :STMicroelectronics X-CUBE-BLEMGR 4.0.0
2026-07-23 13:39:28,223 [INFO] ThirdParty:1030 - CMSIS Pack Vendor :STMicroelectronics X-CUBE-FREERTOS 1.3.1
2026-07-23 13:39:28,223 [INFO] ThirdParty:1030 - CMSIS Pack Vendor :STMicroelectronics HAL Drivers 0.0.0
2026-07-23 13:39:28,223 [INFO] ThirdParty:1030 - CMSIS Pack Vendor :STMicroelectronics X-CUBE-ST60 1.1.0
2026-07-23 13:39:28,223 [INFO] ThirdParty:1030 - CMSIS Pack Vendor :emotas I-CUBE-CANOPEN 1.3.0
2026-07-23 13:39:28,223 [INFO] ThirdParty:1030 - CMSIS Pack Vendor :STMicroelectronics X-CUBE-FREERTOS 1.3.0
2026-07-23 13:39:28,223 [INFO] ThirdParty:1030 - CMSIS Pack Vendor :STMicroelectronics X-CUBE-NFC7 1.0.1
2026-07-23 13:39:28,223 [INFO] ThirdParty:1030 - CMSIS Pack Vendor :STMicroelectronics MBEDTLS 2.14.1
2026-07-23 13:39:28,223 [INFO] ThirdParty:1030 - CMSIS Pack Vendor :STMicroelectronics X-CUBE-GNSS1 7.1.0
2026-07-23 13:39:28,223 [INFO] ThirdParty:1030 - CMSIS Pack Vendor :STMicroelectronics X-CUBE-TOUCHGFX 4.26.0
2026-07-23 13:39:28,223 [INFO] ThirdParty:1030 - CMSIS Pack Vendor :STMicroelectronics X-CUBE-TOUCHGFX 4.26.1
2026-07-23 13:39:28,223 [INFO] ThirdParty:1030 - CMSIS Pack Vendor :quantropi X-CUBE-qispace-sdk-base 2.0.0
2026-07-23 13:39:28,223 [INFO] ThirdParty:1030 - CMSIS Pack Vendor :STMicroelectronics X-CUBE-AI 10.0.0
2026-07-23 13:39:28,223 [INFO] ThirdParty:1030 - CMSIS Pack Vendor :STMicroelectronics FP-SNS-STBOX1 2.1.0
2026-07-23 13:39:28,223 [INFO] ThirdParty:1030 - CMSIS Pack Vendor :STMicroelectronics FP-SNS-STAIOTCFT 1.0.0
2026-07-23 13:39:28,223 [INFO] ThirdParty:1030 - CMSIS Pack Vendor :STMicroelectronics FP-SNS-SMARTAG2 1.2.0
2026-07-23 13:39:28,223 [INFO] ThirdParty:1030 - CMSIS Pack Vendor :STMicroelectronics FP-SNS-FLIGHT1 5.1.0
2026-07-23 13:39:28,223 [INFO] ThirdParty:1030 - CMSIS Pack Vendor :STMicroelectronics X-CUBE-MEMS1 11.1.0
2026-07-23 13:39:28,223 [INFO] ThirdParty:1030 - CMSIS Pack Vendor :STMicroelectronics X-CUBE-AZRTOS-WL 2.0.0
2026-07-23 13:39:28,223 [INFO] ThirdParty:1030 - CMSIS Pack Vendor :STMicroelectronics X-CUBE-DPower 1.3.0
2026-07-23 13:39:28,223 [INFO] ThirdParty:1030 - CMSIS Pack Vendor :STMicroelectronics FP-SNS-MOTENV1 5.0.0
2026-07-23 13:39:28,223 [INFO] ThirdParty:1030 - CMSIS Pack Vendor :STMicroelectronics USB_DEVICE 1.0.0
2026-07-23 13:39:28,223 [INFO] ThirdParty:1030 - CMSIS Pack Vendor :STMicroelectronics X-CUBE-AZRTOS-H7RS 1.2.0
2026-07-23 13:39:28,223 [INFO] ThirdParty:1030 - CMSIS Pack Vendor :STMicroelectronics X-CUBE-AZRTOS-L4 2.0.0
2026-07-23 13:39:28,223 [INFO] ThirdParty:1030 - CMSIS Pack Vendor :STMicroelectronics ThreadX 0.0.2
2026-07-23 13:39:28,223 [INFO] ThirdParty:1030 - CMSIS Pack Vendor :WES I-CUBE-Cesium 1.3.0
2026-07-23 13:39:28,223 [INFO] ThirdParty:1030 - CMSIS Pack Vendor :STMicroelectronics lwIP 2.1.2
2026-07-23 13:39:28,223 [INFO] ThirdParty:1030 - CMSIS Pack Vendor :STMicroelectronics X-CUBE-SFXS2LP1 4.0.0
2026-07-23 13:39:28,223 [INFO] ThirdParty:1030 - CMSIS Pack Vendor :STMicroelectronics X-CUBE-BLE2 3.3.0
2026-07-23 13:39:28,223 [INFO] ThirdParty:1030 - CMSIS Pack Vendor :Avnet-IOTCONNECT X-CUBE-iotc-st67-sdk 1.0.0
2026-07-23 13:39:28,223 [INFO] ThirdParty:1030 - CMSIS Pack Vendor :STMicroelectronics PDM2PCM 3.2.0
2026-07-23 13:39:28,223 [INFO] ThirdParty:1030 - CMSIS Pack Vendor :STMicroelectronics X-CUBE-WB05N 2.1.0
2026-07-23 13:39:28,223 [INFO] ThirdParty:1030 - CMSIS Pack Vendor :STMicroelectronics X-CUBE-ST67W61 1.2.0
2026-07-23 13:39:28,223 [INFO] ThirdParty:1030 - CMSIS Pack Vendor :STMicroelectronics X-CUBE-AZRTOS-H7 3.3.0
2026-07-23 13:39:28,223 [INFO] ThirdParty:1030 - CMSIS Pack Vendor :STMicroelectronics X-CUBE-NFC9 1.0.0
2026-07-23 13:39:28,223 [INFO] ThirdParty:1030 - CMSIS Pack Vendor :STMicroelectronics X-CUBE-BLE1 7.1.0
2026-07-23 13:39:28,223 [INFO] ThirdParty:1030 - CMSIS Pack Vendor :wolfSSL I-CUBE-wolfMQTT 1.19.2
2026-07-23 13:39:28,223 [INFO] ThirdParty:1030 - CMSIS Pack Vendor :STMicroelectronics USB_DEVICE 3.0.0
2026-07-23 13:39:28,223 [INFO] ThirdParty:1030 - CMSIS Pack Vendor :STMicroelectronics X-CUBE-EEPRMA1 5.2.0
2026-07-23 13:39:28,223 [INFO] ThirdParty:1030 - CMSIS Pack Vendor :STMicroelectronics X-CUBE-BLEMGR 4.1.0
2026-07-23 13:39:28,223 [INFO] ThirdParty:1030 - CMSIS Pack Vendor :STMicroelectronics X-CUBE-AZRTOS-WB 2.0.0
2026-07-23 13:39:28,223 [INFO] ThirdParty:1030 - CMSIS Pack Vendor :STMicroelectronics X-CUBE-GNSS1 7.0.1
2026-07-23 13:39:28,223 [INFO] ThirdParty:1030 - CMSIS Pack Vendor :STMicroelectronics X-CUBE-TOUCHGFX 4.25.0
2026-07-23 13:39:28,223 [INFO] ThirdParty:1030 - CMSIS Pack Vendor :STMicroelectronics FP-SNS-STBOX1 2.0.0
2026-07-23 13:39:28,223 [INFO] ThirdParty:1030 - CMSIS Pack Vendor :STMicroelectronics FP-SNS-STAIOTCFT 1.1.0
2026-07-23 13:39:28,223 [INFO] ThirdParty:1030 - CMSIS Pack Vendor :STMicroelectronics X-CUBE-MEMS1 12.0.0
2026-07-23 13:39:28,223 [INFO] ThirdParty:1030 - CMSIS Pack Vendor :STMicroelectronics X-CUBE-STSE01 2.0.0
2026-07-23 13:39:28,223 [INFO] ThirdParty:1030 - CMSIS Pack Vendor :STMicroelectronics X-CUBE-AZRTOS-G0 1.1.0
2026-07-23 13:39:28,223 [INFO] ThirdParty:1030 - CMSIS Pack Vendor :STMicroelectronics X-CUBE-SAFEA1 1.2.2
2026-07-23 13:39:28,223 [INFO] ThirdParty:1030 - CMSIS Pack Vendor :STMicroelectronics X-CUBE-NFC4 3.0.0
2026-07-23 13:39:28,224 [INFO] ThirdParty:1030 - CMSIS Pack Vendor :STMicroelectronics X-CUBE-SUBG2 5.0.0
2026-07-23 13:39:28,224 [INFO] ThirdParty:1030 - CMSIS Pack Vendor :STMicroelectronics X-CUBE-AZRTOS-H7RS 1.1.0
2026-07-23 13:39:28,224 [INFO] ThirdParty:1030 - CMSIS Pack Vendor :STMicroelectronics STM32_WPAN 1.0.0
2026-07-23 13:39:28,224 [INFO] ThirdParty:1030 - CMSIS Pack Vendor :EmbeddedOffice I-CUBE-FS-RTOS 1.0.1
2026-07-23 13:39:28,224 [INFO] ThirdParty:1030 - CMSIS Pack Vendor :STMicroelectronics lwIP 2.0.3
2026-07-23 13:39:28,224 [INFO] ThirdParty:1030 - CMSIS Pack Vendor :Cesanta I-CUBE-Mongoose 7.13.0
2026-07-23 13:39:28,224 [INFO] ThirdParty:1030 - CMSIS Pack Vendor :STMicroelectronics USB_HOST 1.0.0
2026-07-23 13:39:28,224 [INFO] ThirdParty:1030 - CMSIS Pack Vendor :STMicroelectronics X-CUBE-AZRTOS-G4 2.0.0
2026-07-23 13:39:28,224 [INFO] ThirdParty:1030 - CMSIS Pack Vendor :STMicroelectronics X-CUBE-WB05N 2.0.0
2026-07-23 13:39:28,224 [INFO] ThirdParty:1030 - CMSIS Pack Vendor :STMicroelectronics PDM2PCM 3.1.0
2026-07-23 13:39:28,224 [INFO] ThirdParty:1030 - CMSIS Pack Vendor :wolfSSL I-CUBE-wolfTPM 3.8.0
2026-07-23 13:39:28,224 [INFO] ThirdParty:1030 - CMSIS Pack Vendor :wolfSSL I-CUBE-wolfSSH 1.4.20
2026-07-23 13:39:28,224 [INFO] ThirdParty:1030 - CMSIS Pack Vendor :STMicroelectronics X-CUBE-NFC7 2.0.0
2026-07-23 13:39:28,224 [INFO] ThirdParty:1030 - CMSIS Pack Vendor :STMicroelectronics X-CUBE-TCPP 4.2.0
2026-07-23 13:39:28,224 [INFO] ThirdParty:1030 - CMSIS Pack Vendor :RealThread X-CUBE-RT-Thread_Nano 4.1.1
2026-07-23 13:39:28,224 [INFO] ThirdParty:1030 - CMSIS Pack Vendor :STMicroelectronics FP-ATR-SIGFOX1 3.2.0
2026-07-23 13:39:28,224 [INFO] ThirdParty:1030 - CMSIS Pack Vendor :STMicroelectronics X-CUBE-EEPRMA1 5.1.0
2026-07-23 13:39:28,224 [INFO] ThirdParty:1030 - CMSIS Pack Vendor :STMicroelectronics X-CUBE-FREERTOS 1.5.0
2026-07-23 13:39:28,224 [INFO] ThirdParty:1030 - CMSIS Pack Vendor :STMicroelectronics MBEDTLS 2.16.2
2026-07-23 13:39:28,224 [INFO] ThirdParty:1030 - CMSIS Pack Vendor :STMicroelectronics X-CUBE-IPS 3.1.0
2026-07-23 13:39:28,224 [INFO] ThirdParty:1030 - CMSIS Pack Vendor :STMicroelectronics X-CUBE-ALS 1.0.2
2026-07-23 13:39:28,224 [INFO] ThirdParty:1030 - CMSIS Pack Vendor :wolfSSL I-CUBE-wolfSSL 5.7.6
2026-07-23 13:39:28,224 [INFO] ThirdParty:1030 - CMSIS Pack Vendor :ITTIA_DB I-CUBE-ITTIADB 8.9.0
2026-07-23 13:39:28,224 [INFO] ThirdParty:1030 - CMSIS Pack Vendor :STMicroelectronics X-CUBE-STSE01 1.0.0
2026-07-23 13:39:28,224 [INFO] ThirdParty:1030 - CMSIS Pack Vendor :portGmbH I-Cube-SoM-uGOAL 1.1.0
2026-07-23 13:39:28,224 [INFO] ThirdParty:1030 - CMSIS Pack Vendor :STMicroelectronics X-CUBE-NFC6 3.2.0
2026-07-23 13:39:28,224 [INFO] ThirdParty:1030 - CMSIS Pack Vendor :STMicroelectronics X-CUBE-ST67W61 1.0.0
2026-07-23 13:39:28,224 [INFO] ThirdParty:1030 - CMSIS Pack Vendor :STMicroelectronics X-CUBE-AI 10.2.1
2026-07-23 13:39:28,224 [INFO] ThirdParty:1030 - CMSIS Pack Vendor :STMicroelectronics X-CUBE-AI 10.2.0
2026-07-23 13:39:28,224 [INFO] ThirdParty:1030 - CMSIS Pack Vendor :STMicroelectronics ThreadX 1.0.0
2026-07-23 13:39:28,224 [INFO] ThirdParty:1030 - CMSIS Pack Vendor :STMicroelectronics X-CUBE-MEMS1 12.1.0
2026-07-23 13:39:28,224 [INFO] ThirdParty:1030 - CMSIS Pack Vendor :SEGGER I-CUBE-embOS 1.3.1
2026-07-23 13:39:28,224 [INFO] ThirdParty:1030 - CMSIS Pack Vendor :STMicroelectronics X-CUBE-ALGOBUILD 1.4.0
2026-07-23 13:39:28,224 [INFO] ThirdParty:1030 - CMSIS Pack Vendor :STMicroelectronics X-CUBE-MEMS1 11.3.0
2026-07-23 13:39:28,224 [INFO] ThirdParty:1030 - CMSIS Pack Vendor :STMicroelectronics X-CUBE-TOF1 3.4.2
2026-07-23 13:39:28,224 [INFO] ThirdParty:1030 - CMSIS Pack Vendor :STMicroelectronics X-CUBE-TOF1 3.4.3
2026-07-23 13:39:28,224 [INFO] ThirdParty:1030 - CMSIS Pack Vendor :STMicroelectronics X-CUBE-NFC13 1.0.0
2026-07-23 13:39:28,224 [INFO] ThirdParty:841 - exiting critical section [change project]
2026-07-23 13:39:28,583 [INFO] PinOutPanel:1589 - setPackage(No Configuration,No Configuration)
2026-07-23 13:39:28,585 [INFO] PinOutPanel:1589 - setPackage(STM32F411RETx,LQFP64)
2026-07-23 13:39:28,972 [INFO] UtilMem:75 - Before build in PCC Used Memory: 317370304 Bytes (390070272)
2026-07-23 13:39:29,929 [INFO] UtilMem:75 - After build in PCC Used Memory: 281539088 Bytes (390070272)
2026-07-23 13:39:30,180 [INFO] ApiDbMcu:532 - Load IP Config File for FREERTOS
2026-07-23 13:39:30,214 [INFO] IPUIPlugin:80 - create IPUIPlugin
2026-07-23 13:39:30,214 [INFO] IPUIPlugin:80 - create IPUIPlugin
2026-07-23 13:39:30,214 [INFO] IPUIPlugin:80 - create IPUIPlugin
2026-07-23 13:39:30,214 [INFO] IPUIPlugin:80 - create IPUIPlugin
2026-07-23 13:39:30,215 [INFO] IPUIPlugin:80 - create IPUIPlugin
2026-07-23 13:39:30,215 [INFO] IPUIPlugin:80 - create IPUIPlugin
2026-07-23 13:39:30,215 [INFO] IPUIPlugin:80 - create IPUIPlugin
2026-07-23 13:39:30,215 [INFO] IPUIPlugin:80 - create IPUIPlugin
2026-07-23 13:39:30,215 [INFO] IPUIPlugin:80 - create IPUIPlugin
2026-07-23 13:39:30,215 [INFO] IPUIPlugin:80 - create IPUIPlugin
2026-07-23 13:39:30,215 [INFO] IPUIPlugin:80 - create IPUIPlugin
2026-07-23 13:39:30,215 [INFO] IPUIPlugin:80 - create IPUIPlugin
2026-07-23 13:39:30,215 [INFO] IPUIPlugin:80 - create IPUIPlugin
2026-07-23 13:39:30,215 [INFO] IPUIPlugin:80 - create IPUIPlugin
2026-07-23 13:39:30,216 [INFO] IPUIPlugin:80 - create IPUIPlugin
2026-07-23 13:39:30,216 [INFO] IPUIPlugin:80 - create IPUIPlugin
2026-07-23 13:39:30,216 [INFO] IPUIPlugin:80 - create IPUIPlugin
2026-07-23 13:39:30,216 [INFO] IPUIPlugin:80 - create IPUIPlugin
2026-07-23 13:39:30,216 [INFO] IPUIPlugin:80 - create IPUIPlugin
2026-07-23 13:39:30,216 [INFO] IPUIPlugin:80 - create IPUIPlugin
2026-07-23 13:39:30,216 [INFO] IPUIPlugin:80 - create IPUIPlugin
2026-07-23 13:39:30,216 [INFO] IPUIPlugin:80 - create IPUIPlugin
2026-07-23 13:39:30,216 [INFO] IPUIPlugin:80 - create IPUIPlugin
2026-07-23 13:39:30,217 [INFO] IPUIPlugin:80 - create IPUIPlugin
2026-07-23 13:39:30,217 [INFO] IPUIPlugin:80 - create IPUIPlugin
2026-07-23 13:39:30,217 [INFO] IPUIPlugin:80 - create IPUIPlugin
2026-07-23 13:39:30,217 [INFO] IPUIPlugin:80 - create IPUIPlugin
2026-07-23 13:39:30,217 [INFO] IPUIPlugin:80 - create IPUIPlugin
2026-07-23 13:39:30,217 [INFO] IPUIPlugin:80 - create IPUIPlugin
2026-07-23 13:39:30,217 [INFO] IPUIPlugin:80 - create IPUIPlugin
2026-07-23 13:39:30,217 [INFO] IPUIPlugin:80 - create IPUIPlugin
2026-07-23 13:39:30,217 [INFO] IPUIPlugin:80 - create IPUIPlugin
2026-07-23 13:39:30,218 [INFO] IPUIPlugin:80 - create IPUIPlugin
2026-07-23 13:39:30,218 [INFO] IPUIPlugin:80 - create IPUIPlugin
2026-07-23 13:39:30,218 [INFO] IPUIPlugin:80 - create IPUIPlugin
2026-07-23 13:39:30,218 [INFO] IPUIPlugin:80 - create IPUIPlugin
2026-07-23 13:39:30,218 [INFO] IPUIPlugin:80 - create IPUIPlugin
2026-07-23 13:39:30,218 [INFO] IPUIPlugin:80 - create IPUIPlugin
2026-07-23 13:39:30,218 [INFO] IPUIPlugin:80 - create IPUIPlugin
2026-07-23 13:39:30,218 [INFO] IPUIPlugin:80 - create IPUIPlugin
2026-07-23 13:39:30,218 [INFO] IPUIPlugin:80 - create IPUIPlugin
2026-07-23 13:39:30,218 [INFO] IPUIPlugin:80 - create IPUIPlugin
2026-07-23 13:39:30,219 [INFO] IPUIPlugin:80 - create IPUIPlugin
2026-07-23 13:39:30,234 [INFO] ApiDbMcu:532 - Load IP Config File for PDM2PCM
2026-07-23 13:39:30,272 [WARN] FreeRTOS:1023 - Null or empty value: should not occur! (nothing added to the table)
2026-07-23 13:39:30,455 [INFO] CADModel:165 - CPN selected for project levelSTM32F411RET6
2026-07-23 13:39:30,456 [INFO] CADModel:114 - Register for checkConnection events
2026-07-23 13:39:30,458 [INFO] RtosManager:728 - Active RTOS found at IOC load: FREERTOS [Cortex-M4NS]
2026-07-23 13:39:30,498 [INFO] OpenFileManager:386 - Restore cursor
2026-07-23 13:39:43,945 [INFO] Gpio:278 - dependency for GPIO [SPI2, SYS, TIM2, TIM3]
2026-07-23 13:39:46,888 [INFO] Gpio:278 - dependency for GPIO [SPI2, SYS, TIM2, TIM3]
2026-07-23 13:41:18,955 [ERROR] RtosPanel:558 - Can not restore the selected Tab for FREERTOS(A reason can be that the tab is no more available.)
2026-07-23 13:41:22,509 [INFO] TasksAndQueuesTab:757 - Dynamic
2026-07-23 13:41:22,509 [WARN] TasksAndQueuesTab:763 - 1024 128
2026-07-23 13:41:22,509 [WARN] TasksAndQueuesTab:775 - max value is: 3840.0
2026-07-23 13:41:22,510 [INFO] TasksAndQueuesTab:757 - Dynamic
2026-07-23 13:41:22,510 [WARN] TasksAndQueuesTab:763 - 1024 128
2026-07-23 13:41:22,510 [WARN] TasksAndQueuesTab:775 - max value is: 3840.0
2026-07-23 13:41:28,280 [INFO] Gpio:278 - dependency for GPIO [SPI2, SYS, TIM2, TIM3]
2026-07-23 13:41:32,873 [INFO] UtilMem:75 - End SaveConfig() Used Memory: 318950000 Bytes (456130560)
2026-07-23 13:41:35,489 [INFO] UtilMem:75 - End SaveConfig() Used Memory: 344115824 Bytes (456130560)
2026-07-23 13:43:56,963 [INFO] UtilMem:75 - End SaveConfig() Used Memory: 382949928 Bytes (456130560)
2026-07-23 13:43:57,384 [INFO] BlockDiagram:2775 - set Specific Code input for plugin: SPI
2026-07-23 13:43:57,385 [INFO] BlockDiagram:2775 - set Specific Code input for plugin: NVIC
2026-07-23 13:43:57,385 [INFO] BlockDiagram:2775 - set Specific Code input for plugin: FREERTOS
2026-07-23 13:43:57,385 [INFO] BlockDiagram:2775 - set Specific Code input for plugin: TIM1_8
2026-07-23 13:43:57,385 [INFO] BlockDiagram:2775 - set Specific Code input for plugin: TIM1_8
2026-07-23 13:43:57,385 [INFO] BlockDiagram:2775 - set Specific Code input for plugin: SYS
2026-07-23 13:43:57,385 [INFO] BlockDiagram:2775 - set Specific Code input for plugin: GPIO
2026-07-23 13:43:57,385 [INFO] BlockDiagram:2775 - set Specific Code input for plugin: RCC
2026-07-23 13:43:57,386 [INFO] CodeGenerator:892 - code generatio: config db path: C:\ST\STM32CubeIDE_1.19.0\STM32CubeIDE\plugins\com.st.stm32cube.common.mx_6.15.0.202507011659\\db\
2026-07-23 13:43:57,528 [INFO] CodeEngine:265 - oldGeneratedFile, C:\Github\projectHUD\projectHUD\MXTmpFiles\license.tmp_save
2026-07-23 13:43:57,795 [INFO] CodeEngine:289 - Generated code: C:\Github\projectHUD\projectHUD\MXTmpFiles\license.tmp
2026-07-23 13:43:57,854 [INFO] CodeEngine:265 - oldGeneratedFile, C:\Github\projectHUD\projectHUD\MXTmpFiles\gpio.tmp_save
2026-07-23 13:43:57,962 [INFO] CodeEngine:289 - Generated code: C:\Github\projectHUD\projectHUD\MXTmpFiles\gpio.tmp
2026-07-23 13:43:58,080 [INFO] Middleware:1452 - No code input for Bsp Dependency
2026-07-23 13:43:58,086 [INFO] CodeEngine:265 - oldGeneratedFile, C:\Github\projectHUD\projectHUD\MXTmpFiles\rtos_inc.tmp_save
2026-07-23 13:43:58,130 [INFO] CodeEngine:289 - Generated code: C:\Github\projectHUD\projectHUD\MXTmpFiles\rtos_inc.tmp
2026-07-23 13:43:58,134 [INFO] CodeEngine:265 - oldGeneratedFile, C:\Github\projectHUD\projectHUD\MXTmpFiles\rtos_kernelInit.tmp_save
2026-07-23 13:43:58,188 [INFO] CodeEngine:289 - Generated code: C:\Github\projectHUD\projectHUD\MXTmpFiles\rtos_kernelInit.tmp
2026-07-23 13:43:58,191 [INFO] CodeEngine:265 - oldGeneratedFile, C:\Github\projectHUD\projectHUD\MXTmpFiles\rtos_kernelStart.tmp_save
2026-07-23 13:43:58,242 [INFO] CodeEngine:289 - Generated code: C:\Github\projectHUD\projectHUD\MXTmpFiles\rtos_kernelStart.tmp
2026-07-23 13:43:58,248 [INFO] CodeEngine:265 - oldGeneratedFile, C:\Github\projectHUD\projectHUD\MXTmpFiles\rtos_typedefs.tmp_save
2026-07-23 13:43:58,294 [INFO] CodeEngine:289 - Generated code: C:\Github\projectHUD\projectHUD\MXTmpFiles\rtos_typedefs.tmp
2026-07-23 13:43:58,297 [INFO] CodeEngine:265 - oldGeneratedFile, C:\Github\projectHUD\projectHUD\MXTmpFiles\rtos_vars.tmp_save
2026-07-23 13:43:58,344 [INFO] CodeEngine:289 - Generated code: C:\Github\projectHUD\projectHUD\MXTmpFiles\rtos_vars.tmp
2026-07-23 13:43:58,347 [INFO] CodeEngine:265 - oldGeneratedFile, C:\Github\projectHUD\projectHUD\MXTmpFiles\rtos_pfp.tmp_save
2026-07-23 13:43:58,393 [INFO] CodeEngine:289 - Generated code: C:\Github\projectHUD\projectHUD\MXTmpFiles\rtos_pfp.tmp
2026-07-23 13:43:58,396 [INFO] CodeEngine:265 - oldGeneratedFile, C:\Github\projectHUD\projectHUD\MXTmpFiles\rtos_obj_creat.tmp_save
2026-07-23 13:43:58,432 [INFO] CodeEngine:289 - Generated code: C:\Github\projectHUD\projectHUD\MXTmpFiles\rtos_obj_creat.tmp
2026-07-23 13:43:58,435 [INFO] CodeEngine:265 - oldGeneratedFile, C:\Github\projectHUD\projectHUD\MXTmpFiles\rtos_default_thread.tmp_save
2026-07-23 13:43:58,469 [INFO] CodeEngine:289 - Generated code: C:\Github\projectHUD\projectHUD\MXTmpFiles\rtos_default_thread.tmp
2026-07-23 13:43:58,473 [INFO] CodeEngine:265 - oldGeneratedFile, C:\Github\projectHUD\projectHUD\MXTmpFiles\rtos_threads.tmp_save
2026-07-23 13:43:58,508 [INFO] CodeEngine:289 - Generated code: C:\Github\projectHUD\projectHUD\MXTmpFiles\rtos_threads.tmp
2026-07-23 13:43:58,524 [INFO] Middleware:1452 - No code input for Bsp Dependency
2026-07-23 13:43:58,529 [INFO] CodeEngine:265 - oldGeneratedFile, C:\Github\projectHUD\projectHUD\MXTmpFiles\rtos_inc.tmp_save
2026-07-23 13:43:58,563 [INFO] CodeEngine:289 - Generated code: C:\Github\projectHUD\projectHUD\MXTmpFiles\rtos_inc.tmp
2026-07-23 13:43:58,567 [INFO] CodeEngine:265 - oldGeneratedFile, C:\Github\projectHUD\projectHUD\MXTmpFiles\rtos_kernelInit.tmp_save
2026-07-23 13:43:58,601 [INFO] CodeEngine:289 - Generated code: C:\Github\projectHUD\projectHUD\MXTmpFiles\rtos_kernelInit.tmp
2026-07-23 13:43:58,606 [INFO] CodeEngine:265 - oldGeneratedFile, C:\Github\projectHUD\projectHUD\MXTmpFiles\rtos_kernelStart.tmp_save
2026-07-23 13:43:58,637 [INFO] CodeEngine:289 - Generated code: C:\Github\projectHUD\projectHUD\MXTmpFiles\rtos_kernelStart.tmp
2026-07-23 13:43:58,641 [INFO] CodeEngine:265 - oldGeneratedFile, C:\Github\projectHUD\projectHUD\MXTmpFiles\rtos_typedefs.tmp_save
2026-07-23 13:43:58,675 [INFO] CodeEngine:289 - Generated code: C:\Github\projectHUD\projectHUD\MXTmpFiles\rtos_typedefs.tmp
2026-07-23 13:43:58,679 [INFO] CodeEngine:265 - oldGeneratedFile, C:\Github\projectHUD\projectHUD\MXTmpFiles\rtos_vars.tmp_save
2026-07-23 13:43:58,714 [INFO] CodeEngine:289 - Generated code: C:\Github\projectHUD\projectHUD\MXTmpFiles\rtos_vars.tmp
2026-07-23 13:43:58,718 [INFO] CodeEngine:265 - oldGeneratedFile, C:\Github\projectHUD\projectHUD\MXTmpFiles\rtos_pfp.tmp_save
2026-07-23 13:43:58,749 [INFO] CodeEngine:289 - Generated code: C:\Github\projectHUD\projectHUD\MXTmpFiles\rtos_pfp.tmp
2026-07-23 13:43:58,753 [INFO] CodeEngine:265 - oldGeneratedFile, C:\Github\projectHUD\projectHUD\MXTmpFiles\rtos_obj_creat.tmp_save
2026-07-23 13:43:58,786 [INFO] CodeEngine:289 - Generated code: C:\Github\projectHUD\projectHUD\MXTmpFiles\rtos_obj_creat.tmp
2026-07-23 13:43:58,790 [INFO] CodeEngine:265 - oldGeneratedFile, C:\Github\projectHUD\projectHUD\MXTmpFiles\rtos_default_thread.tmp_save
2026-07-23 13:43:58,820 [INFO] CodeEngine:289 - Generated code: C:\Github\projectHUD\projectHUD\MXTmpFiles\rtos_default_thread.tmp
2026-07-23 13:43:58,824 [INFO] CodeEngine:265 - oldGeneratedFile, C:\Github\projectHUD\projectHUD\MXTmpFiles\rtos_threads.tmp_save
2026-07-23 13:43:58,856 [INFO] CodeEngine:289 - Generated code: C:\Github\projectHUD\projectHUD\MXTmpFiles\rtos_threads.tmp
2026-07-23 13:43:58,860 [INFO] CodeEngine:265 - oldGeneratedFile, C:\Github\projectHUD\projectHUD\Core\Inc\FreeRTOSConfig.h_save
2026-07-23 13:43:58,913 [INFO] CodeEngine:289 - Generated code: C:\Github\projectHUD\projectHUD\Core\Inc\FreeRTOSConfig.h
2026-07-23 13:43:58,919 [INFO] CodeEngine:265 - oldGeneratedFile, C:\Github\projectHUD\projectHUD\Core\Src\freertos.c_save
2026-07-23 13:43:59,000 [INFO] CodeEngine:289 - Generated code: C:\Github\projectHUD\projectHUD\Core\Src\freertos.c
2026-07-23 13:43:59,017 [INFO] CodeEngine:265 - oldGeneratedFile, C:\Github\projectHUD\projectHUD\Core\Src\stm32f4xx_it.c_save
2026-07-23 13:43:59,084 [INFO] CodeEngine:289 - Generated code: C:\Github\projectHUD\projectHUD\Core\Src\stm32f4xx_it.c
2026-07-23 13:43:59,088 [INFO] CodeEngine:265 - oldGeneratedFile, C:\Github\projectHUD\projectHUD\Core\Inc\stm32f4xx_it.h_save
2026-07-23 13:43:59,124 [INFO] CodeEngine:289 - Generated code: C:\Github\projectHUD\projectHUD\Core\Inc\stm32f4xx_it.h
2026-07-23 13:43:59,135 [INFO] CodeEngine:265 - oldGeneratedFile, C:\Github\projectHUD\projectHUD\Core\Src\stm32f4xx_hal_msp.c_save
2026-07-23 13:43:59,201 [INFO] CodeEngine:289 - Generated code: C:\Github\projectHUD\projectHUD\Core\Src\stm32f4xx_hal_msp.c
2026-07-23 13:43:59,204 [INFO] CodeEngine:265 - oldGeneratedFile, C:\Github\projectHUD\projectHUD\MXTmpFiles\system.tmp_save
2026-07-23 13:43:59,234 [INFO] CodeEngine:289 - Generated code: C:\Github\projectHUD\projectHUD\MXTmpFiles\system.tmp
2026-07-23 13:43:59,237 [INFO] CodeEngine:265 - oldGeneratedFile, C:\Github\projectHUD\projectHUD\Core\Src\stm32f4xx_hal_timebase_tim.c_save
2026-07-23 13:43:59,271 [INFO] CodeEngine:289 - Generated code: C:\Github\projectHUD\projectHUD\Core\Src\stm32f4xx_hal_timebase_tim.c
2026-07-23 13:43:59,279 [INFO] CodeEngine:321 - oldGeneratedFile, C:\Github\projectHUD\projectHUD\Core\Inc\stm32f4xx_hal_conf.h_save
2026-07-23 13:43:59,317 [INFO] CodeEngine:345 - Generated code: C:\Github\projectHUD\projectHUD\Core\Inc\stm32f4xx_hal_conf.h
2026-07-23 13:43:59,339 [INFO] ApiDbMcu:532 - Load IP Config File for SPI2
2026-07-23 13:43:59,345 [INFO] ApiDbMcu:532 - Load IP Config File for TIM2
2026-07-23 13:43:59,351 [INFO] ApiDbMcu:532 - Load IP Config File for TIM3
2026-07-23 13:43:59,354 [INFO] ApiDbMcu:532 - Load IP Config File for RCC
2026-07-23 13:43:59,356 [WARN] IPConfigManager:3811 - IP not found : TIM
2026-07-23 13:43:59,357 [WARN] CodeGenerator:4259 - IP not found : null
2026-07-23 13:43:59,362 [INFO] CodeEngine:265 - oldGeneratedFile, C:\Github\projectHUD\projectHUD\Core\Inc\main.h_save
2026-07-23 13:43:59,421 [INFO] CodeEngine:289 - Generated code: C:\Github\projectHUD\projectHUD\Core\Inc\main.h
2026-07-23 13:43:59,425 [INFO] CodeEngine:265 - oldGeneratedFile, C:\Github\projectHUD\projectHUD\Core\Src\main.c_save
2026-07-23 13:43:59,510 [INFO] CodeEngine:289 - Generated code: C:\Github\projectHUD\projectHUD\Core\Src\main.c
2026-07-23 13:43:59,812 [INFO] ProjectBuilder:3606 - Time for Copy HAL[1] : 178mS.
2026-07-23 13:43:59,822 [INFO] ProjectBuilder:5216 - Project Generator version: 4.7.0-B52
2026-07-23 13:43:59,865 [INFO] ConfigFileManager:1595 - The Die is : DIE431
2026-07-23 13:43:59,876 [INFO] ApiDbMcu:532 - Load IP Config File for FATFS
2026-07-23 13:43:59,877 [INFO] ApiDbMcu:532 - Load IP Config File for LIBJPEG
2026-07-23 13:43:59,886 [INFO] ApiDbMcu:532 - Load IP Config File for MBEDTLS
2026-07-23 13:43:59,890 [INFO] ApiDbMcu:532 - Load IP Config File for USB_DEVICE
2026-07-23 13:43:59,893 [INFO] ApiDbMcu:532 - Load IP Config File for USB_HOST
2026-07-23 13:44:00,155 [INFO] LogOutputStream:77 - [STDOUT_REDIRECT] 
2026-07-23 13:44:01,111 [INFO] ProjectBuilder:5496 - Time for Generating toolchain IDE Files: 1289mS.
2026-07-23 13:44:01,113 [INFO] ProjectBuilder:3463 - Time for Copy CMSIS : 1mS.
2026-07-23 13:44:01,121 [INFO] ProjectBuilder:3463 - Time for Copy CMSIS : 0mS.
2026-07-23 13:44:18,982 [ERROR] LogOutputStream:75 - [STDERR_REDIRECT] 
2026-07-23 13:44:18,984 [ERROR] LogOutputStream:75 - [STDERR_REDIRECT] 
